mu,gamma,test,B,beta0_minus_beta,rejection_rate
1.0,2.5,MoM-AR (oracle),1,-0.6,1.0
1.0,2.5,MoM-AR (oracle),1,-0.5599999999999999,1.0
1.0,2.5,MoM-AR (oracle),1,-0.52,1.0
1.0,2.5,MoM-AR (oracle),1,-0.48,1.0
1.0,2.5,MoM-AR (oracle),1,-0.43999999999999995,1.0
1.0,2.5,MoM-AR (oracle),1,-0.3999999999999999,1.0
1.0,2.5,MoM-AR (oracle),1,-0.36,1.0
1.0,2.5,MoM-AR (oracle),1,-0.31999999999999995,1.0
1.0,2.5,MoM-AR (oracle),1,-0.28,0.998
1.0,2.5,MoM-AR (oracle),1,-0.24,0.822
1.0,2.5,MoM-AR (oracle),1,-0.19999999999999996,0.074
1.0,2.5,MoM-AR (oracle),1,-0.15999999999999992,0.0
1.0,2.5,MoM-AR (oracle),1,-0.12,0.0
1.0,2.5,MoM-AR (oracle),1,-0.07999999999999996,0.0
1.0,2.5,MoM-AR (oracle),1,-0.039999999999999925,0.0
1.0,2.5,MoM-AR (oracle),1,0.0,0.0
1.0,2.5,MoM-AR (oracle),1,0.040000000000000036,0.0
1.0,2.5,MoM-AR (oracle),1,0.08000000000000007,0.0
1.0,2.5,MoM-AR (oracle),1,0.1200000000000001,0.0
1.0,2.5,MoM-AR (oracle),1,0.16000000000000014,0.0
1.0,2.5,MoM-AR (oracle),1,0.20000000000000018,0.1275
1.0,2.5,MoM-AR (oracle),1,0.24,0.9215
1.0,2.5,MoM-AR (oracle),1,0.28,0.9995
1.0,2.5,MoM-AR (oracle),1,0.32000000000000006,1.0
1.0,2.5,MoM-AR (oracle),1,0.3599999999999999,1.0
1.0,2.5,MoM-AR (oracle),1,0.3999999999999999,1.0
1.0,2.5,MoM-AR (oracle),1,0.43999999999999995,1.0
1.0,2.5,MoM-AR (oracle),1,0.48,1.0
1.0,2.5,MoM-AR (oracle),1,0.52,1.0
1.0,2.5,MoM-AR (oracle),1,0.56,1.0
1.0,2.5,MoM-AR (oracle),1,0.6000000000000001,1.0
1.0,2.5,MoM-AR (oracle),5,-0.6,1.0
1.0,2.5,MoM-AR (oracle),5,-0.5599999999999999,1.0
1.0,2.5,MoM-AR (oracle),5,-0.52,1.0
1.0,2.5,MoM-AR (oracle),5,-0.48,1.0
1.0,2.5,MoM-AR (oracle),5,-0.43999999999999995,1.0
1.0,2.5,MoM-AR (oracle),5,-0.3999999999999999,1.0
1.0,2.5,MoM-AR (oracle),5,-0.36,1.0
1.0,2.5,MoM-AR (oracle),5,-0.31999999999999995,1.0
1.0,2.5,MoM-AR (oracle),5,-0.28,0.9995
1.0,2.5,MoM-AR (oracle),5,-0.24,0.8515
1.0,2.5,MoM-AR (oracle),5,-0.19999999999999996,0.0465
1.0,2.5,MoM-AR (oracle),5,-0.15999999999999992,0.0
1.0,2.5,MoM-AR (oracle),5,-0.12,0.0
1.0,2.5,MoM-AR (oracle),5,-0.07999999999999996,0.0
1.0,2.5,MoM-AR (oracle),5,-0.039999999999999925,0.0
1.0,2.5,MoM-AR (oracle),5,0.0,0.0
1.0,2.5,MoM-AR (oracle),5,0.040000000000000036,0.0
1.0,2.5,MoM-AR (oracle),5,0.08000000000000007,0.0
1.0,2.5,MoM-AR (oracle),5,0.1200000000000001,0.0
1.0,2.5,MoM-AR (oracle),5,0.16000000000000014,0.0
1.0,2.5,MoM-AR (oracle),5,0.20000000000000018,0.0865
1.0,2.5,MoM-AR (oracle),5,0.24,0.9445
1.0,2.5,MoM-AR (oracle),5,0.28,1.0
1.0,2.5,MoM-AR (oracle),5,0.32000000000000006,1.0
1.0,2.5,MoM-AR (oracle),5,0.3599999999999999,1.0
1.0,2.5,MoM-AR (oracle),5,0.3999999999999999,1.0
1.0,2.5,MoM-AR (oracle),5,0.43999999999999995,1.0
1.0,2.5,MoM-AR (oracle),5,0.48,1.0
1.0,2.5,MoM-AR (oracle),5,0.52,1.0
1.0,2.5,MoM-AR (oracle),5,0.56,1.0
1.0,2.5,MoM-AR (oracle),5,0.6000000000000001,1.0
1.0,2.5,MoM-AR (oracle),25,-0.6,1.0
1.0,2.5,MoM-AR (oracle),25,-0.5599999999999999,1.0
1.0,2.5,MoM-AR (oracle),25,-0.52,1.0
1.0,2.5,MoM-AR (oracle),25,-0.48,1.0
1.0,2.5,MoM-AR (oracle),25,-0.43999999999999995,1.0
1.0,2.5,MoM-AR (oracle),25,-0.3999999999999999,1.0
1.0,2.5,MoM-AR (oracle),25,-0.36,1.0
1.0,2.5,MoM-AR (oracle),25,-0.31999999999999995,1.0
1.0,2.5,MoM-AR (oracle),25,-0.28,1.0
1.0,2.5,MoM-AR (oracle),25,-0.24,0.867
1.0,2.5,MoM-AR (oracle),25,-0.19999999999999996,0.0325
1.0,2.5,MoM-AR (oracle),25,-0.15999999999999992,0.0
1.0,2.5,MoM-AR (oracle),25,-0.12,0.0
1.0,2.5,MoM-AR (oracle),25,-0.07999999999999996,0.0
1.0,2.5,MoM-AR (oracle),25,-0.039999999999999925,0.0
1.0,2.5,MoM-AR (oracle),25,0.0,0.0
1.0,2.5,MoM-AR (oracle),25,0.040000000000000036,0.0
1.0,2.5,MoM-AR (oracle),25,0.08000000000000007,0.0
1.0,2.5,MoM-AR (oracle),25,0.1200000000000001,0.0
1.0,2.5,MoM-AR (oracle),25,0.16000000000000014,0.0
1.0,2.5,MoM-AR (oracle),25,0.20000000000000018,0.0705
1.0,2.5,MoM-AR (oracle),25,0.24,0.957
1.0,2.5,MoM-AR (oracle),25,0.28,1.0
1.0,2.5,MoM-AR (oracle),25,0.32000000000000006,1.0
1.0,2.5,MoM-AR (oracle),25,0.3599999999999999,1.0
1.0,2.5,MoM-AR (oracle),25,0.3999999999999999,1.0
1.0,2.5,MoM-AR (oracle),25,0.43999999999999995,1.0
1.0,2.5,MoM-AR (oracle),25,0.48,1.0
1.0,2.5,MoM-AR (oracle),25,0.52,1.0
1.0,2.5,MoM-AR (oracle),25,0.56,1.0
1.0,2.5,MoM-AR (oracle),25,0.6000000000000001,1.0
1.0,2.5,MoM-AR (oracle),101,-0.6,1.0
1.0,2.5,MoM-AR (oracle),101,-0.5599999999999999,1.0
1.0,2.5,MoM-AR (oracle),101,-0.52,1.0
1.0,2.5,MoM-AR (oracle),101,-0.48,1.0
1.0,2.5,MoM-AR (oracle),101,-0.43999999999999995,1.0
1.0,2.5,MoM-AR (oracle),101,-0.3999999999999999,1.0
1.0,2.5,MoM-AR (oracle),101,-0.36,1.0
1.0,2.5,MoM-AR (oracle),101,-0.31999999999999995,1.0
1.0,2.5,MoM-AR (oracle),101,-0.28,1.0
1.0,2.5,MoM-AR (oracle),101,-0.24,0.862
1.0,2.5,MoM-AR (oracle),101,-0.19999999999999996,0.034
1.0,2.5,MoM-AR (oracle),101,-0.15999999999999992,0.0
1.0,2.5,MoM-AR (oracle),101,-0.12,0.0
1.0,2.5,MoM-AR (oracle),101,-0.07999999999999996,0.0
1.0,2.5,MoM-AR (oracle),101,-0.039999999999999925,0.0
1.0,2.5,MoM-AR (oracle),101,0.0,0.0
1.0,2.5,MoM-AR (oracle),101,0.040000000000000036,0.0
1.0,2.5,MoM-AR (oracle),101,0.08000000000000007,0.0
1.0,2.5,MoM-AR (oracle),101,0.1200000000000001,0.0
1.0,2.5,MoM-AR (oracle),101,0.16000000000000014,0.0
1.0,2.5,MoM-AR (oracle),101,0.20000000000000018,0.068
1.0,2.5,MoM-AR (oracle),101,0.24,0.96
1.0,2.5,MoM-AR (oracle),101,0.28,1.0
1.0,2.5,MoM-AR (oracle),101,0.32000000000000006,1.0
1.0,2.5,MoM-AR (oracle),101,0.3599999999999999,1.0
1.0,2.5,MoM-AR (oracle),101,0.3999999999999999,1.0
1.0,2.5,MoM-AR (oracle),101,0.43999999999999995,1.0
1.0,2.5,MoM-AR (oracle),101,0.48,1.0
1.0,2.5,MoM-AR (oracle),101,0.52,1.0
1.0,2.5,MoM-AR (oracle),101,0.56,1.0
1.0,2.5,MoM-AR (oracle),101,0.6000000000000001,1.0
1.0,2.5,MoM-AR (feasible),1,-0.6,1.0
1.0,2.5,MoM-AR (feasible),1,-0.5599999999999999,1.0
1.0,2.5,MoM-AR (feasible),1,-0.52,1.0
1.0,2.5,MoM-AR (feasible),1,-0.48,1.0
1.0,2.5,MoM-AR (feasible),1,-0.43999999999999995,1.0
1.0,2.5,MoM-AR (feasible),1,-0.3999999999999999,1.0
1.0,2.5,MoM-AR (feasible),1,-0.36,1.0
1.0,2.5,MoM-AR (feasible),1,-0.31999999999999995,1.0
1.0,2.5,MoM-AR (feasible),1,-0.28,1.0
1.0,2.5,MoM-AR (feasible),1,-0.24,1.0
1.0,2.5,MoM-AR (feasible),1,-0.19999999999999996,0.9995
1.0,2.5,MoM-AR (feasible),1,-0.15999999999999992,0.972
1.0,2.5,MoM-AR (feasible),1,-0.12,0.7825
1.0,2.5,MoM-AR (feasible),1,-0.07999999999999996,0.256
1.0,2.5,MoM-AR (feasible),1,-0.039999999999999925,0.0095
1.0,2.5,MoM-AR (feasible),1,0.0,0.0
1.0,2.5,MoM-AR (feasible),1,0.040000000000000036,0.02
1.0,2.5,MoM-AR (feasible),1,0.08000000000000007,0.3125
1.0,2.5,MoM-AR (feasible),1,0.1200000000000001,0.832
1.0,2.5,MoM-AR (feasible),1,0.16000000000000014,0.9865
1.0,2.5,MoM-AR (feasible),1,0.20000000000000018,0.9995
1.0,2.5,MoM-AR (feasible),1,0.24,1.0
1.0,2.5,MoM-AR (feasible),1,0.28,1.0
1.0,2.5,MoM-AR (feasible),1,0.32000000000000006,1.0
1.0,2.5,MoM-AR (feasible),1,0.3599999999999999,1.0
1.0,2.5,MoM-AR (feasible),1,0.3999999999999999,1.0
1.0,2.5,MoM-AR (feasible),1,0.43999999999999995,1.0
1.0,2.5,MoM-AR (feasible),1,0.48,1.0
1.0,2.5,MoM-AR (feasible),1,0.52,1.0
1.0,2.5,MoM-AR (feasible),1,0.56,1.0
1.0,2.5,MoM-AR (feasible),1,0.6000000000000001,1.0
1.0,2.5,MoM-AR (feasible),5,-0.6,1.0
1.0,2.5,MoM-AR (feasible),5,-0.5599999999999999,1.0
1.0,2.5,MoM-AR (feasible),5,-0.52,1.0
1.0,2.5,MoM-AR (feasible),5,-0.48,1.0
1.0,2.5,MoM-AR (feasible),5,-0.43999999999999995,1.0
1.0,2.5,MoM-AR (feasible),5,-0.3999999999999999,1.0
1.0,2.5,MoM-AR (feasible),5,-0.36,1.0
1.0,2.5,MoM-AR (feasible),5,-0.31999999999999995,1.0
1.0,2.5,MoM-AR (feasible),5,-0.28,1.0
1.0,2.5,MoM-AR (feasible),5,-0.24,1.0
1.0,2.5,MoM-AR (feasible),5,-0.19999999999999996,1.0
1.0,2.5,MoM-AR (feasible),5,-0.15999999999999992,0.9965
1.0,2.5,MoM-AR (feasible),5,-0.12,0.863
1.0,2.5,MoM-AR (feasible),5,-0.07999999999999996,0.17
1.0,2.5,MoM-AR (feasible),5,-0.039999999999999925,0.0005
1.0,2.5,MoM-AR (feasible),5,0.0,0.0
1.0,2.5,MoM-AR (feasible),5,0.040000000000000036,0.0005
1.0,2.5,MoM-AR (feasible),5,0.08000000000000007,0.2295
1.0,2.5,MoM-AR (feasible),5,0.1200000000000001,0.9255
1.0,2.5,MoM-AR (feasible),5,0.16000000000000014,0.9995
1.0,2.5,MoM-AR (feasible),5,0.20000000000000018,1.0
1.0,2.5,MoM-AR (feasible),5,0.24,1.0
1.0,2.5,MoM-AR (feasible),5,0.28,1.0
1.0,2.5,MoM-AR (feasible),5,0.32000000000000006,1.0
1.0,2.5,MoM-AR (feasible),5,0.3599999999999999,1.0
1.0,2.5,MoM-AR (feasible),5,0.3999999999999999,1.0
1.0,2.5,MoM-AR (feasible),5,0.43999999999999995,1.0
1.0,2.5,MoM-AR (feasible),5,0.48,1.0
1.0,2.5,MoM-AR (feasible),5,0.52,1.0
1.0,2.5,MoM-AR (feasible),5,0.56,1.0
1.0,2.5,MoM-AR (feasible),5,0.6000000000000001,1.0
1.0,2.5,MoM-AR (feasible),25,-0.6,1.0
1.0,2.5,MoM-AR (feasible),25,-0.5599999999999999,1.0
1.0,2.5,MoM-AR (feasible),25,-0.52,1.0
1.0,2.5,MoM-AR (feasible),25,-0.48,1.0
1.0,2.5,MoM-AR (feasible),25,-0.43999999999999995,1.0
1.0,2.5,MoM-AR (feasible),25,-0.3999999999999999,1.0
1.0,2.5,MoM-AR (feasible),25,-0.36,1.0
1.0,2.5,MoM-AR (feasible),25,-0.31999999999999995,1.0
1.0,2.5,MoM-AR (feasible),25,-0.28,1.0
1.0,2.5,MoM-AR (feasible),25,-0.24,1.0
1.0,2.5,MoM-AR (feasible),25,-0.19999999999999996,1.0
1.0,2.5,MoM-AR (feasible),25,-0.15999999999999992,0.999
1.0,2.5,MoM-AR (feasible),25,-0.12,0.911
1.0,2.5,MoM-AR (feasible),25,-0.07999999999999996,0.1095
1.0,2.5,MoM-AR (feasible),25,-0.039999999999999925,0.0
1.0,2.5,MoM-AR (feasible),25,0.0,0.0
1.0,2.5,MoM-AR (feasible),25,0.040000000000000036,0.0
1.0,2.5,MoM-AR (feasible),25,0.08000000000000007,0.1665
1.0,2.5,MoM-AR (feasible),25,0.1200000000000001,0.9645
1.0,2.5,MoM-AR (feasible),25,0.16000000000000014,1.0
1.0,2.5,MoM-AR (feasible),25,0.20000000000000018,1.0
1.0,2.5,MoM-AR (feasible),25,0.24,1.0
1.0,2.5,MoM-AR (feasible),25,0.28,1.0
1.0,2.5,MoM-AR (feasible),25,0.32000000000000006,1.0
1.0,2.5,MoM-AR (feasible),25,0.3599999999999999,1.0
1.0,2.5,MoM-AR (feasible),25,0.3999999999999999,1.0
1.0,2.5,MoM-AR (feasible),25,0.43999999999999995,1.0
1.0,2.5,MoM-AR (feasible),25,0.48,1.0
1.0,2.5,MoM-AR (feasible),25,0.52,1.0
1.0,2.5,MoM-AR (feasible),25,0.56,1.0
1.0,2.5,MoM-AR (feasible),25,0.6000000000000001,1.0
1.0,2.5,MoM-AR (feasible),101,-0.6,1.0
1.0,2.5,MoM-AR (feasible),101,-0.5599999999999999,1.0
1.0,2.5,MoM-AR (feasible),101,-0.52,1.0
1.0,2.5,MoM-AR (feasible),101,-0.48,1.0
1.0,2.5,MoM-AR (feasible),101,-0.43999999999999995,1.0
1.0,2.5,MoM-AR (feasible),101,-0.3999999999999999,1.0
1.0,2.5,MoM-AR (feasible),101,-0.36,1.0
1.0,2.5,MoM-AR (feasible),101,-0.31999999999999995,1.0
1.0,2.5,MoM-AR (feasible),101,-0.28,1.0
1.0,2.5,MoM-AR (feasible),101,-0.24,1.0
1.0,2.5,MoM-AR (feasible),101,-0.19999999999999996,1.0
1.0,2.5,MoM-AR (feasible),101,-0.15999999999999992,1.0
1.0,2.5,MoM-AR (feasible),101,-0.12,0.929
1.0,2.5,MoM-AR (feasible),101,-0.07999999999999996,0.0915
1.0,2.5,MoM-AR (feasible),101,-0.039999999999999925,0.0
1.0,2.5,MoM-AR (feasible),101,0.0,0.0
1.0,2.5,MoM-AR (feasible),101,0.040000000000000036,0.0
1.0,2.5,MoM-AR (feasible),101,0.08000000000000007,0.146
1.0,2.5,MoM-AR (feasible),101,0.1200000000000001,0.974
1.0,2.5,MoM-AR (feasible),101,0.16000000000000014,1.0
1.0,2.5,MoM-AR (feasible),101,0.20000000000000018,1.0
1.0,2.5,MoM-AR (feasible),101,0.24,1.0
1.0,2.5,MoM-AR (feasible),101,0.28,1.0
1.0,2.5,MoM-AR (feasible),101,0.32000000000000006,1.0
1.0,2.5,MoM-AR (feasible),101,0.3599999999999999,1.0
1.0,2.5,MoM-AR (feasible),101,0.3999999999999999,1.0
1.0,2.5,MoM-AR (feasible),101,0.43999999999999995,1.0
1.0,2.5,MoM-AR (feasible),101,0.48,1.0
1.0,2.5,MoM-AR (feasible),101,0.52,1.0
1.0,2.5,MoM-AR (feasible),101,0.56,1.0
1.0,2.5,MoM-AR (feasible),101,0.6000000000000001,1.0
0.6,6.944444444444445,MoM-AR (oracle),1,-1.0,1.0
0.6,6.944444444444445,MoM-AR (oracle),1,-0.9333333333333333,1.0
0.6,6.944444444444445,MoM-AR (oracle),1,-0.8666666666666667,1.0
0.6,6.944444444444445,MoM-AR (oracle),1,-0.8,1.0
0.6,6.944444444444445,MoM-AR (oracle),1,-0.7333333333333334,1.0
0.6,6.944444444444445,MoM-AR (oracle),1,-0.6666666666666667,1.0
0.6,6.944444444444445,MoM-AR (oracle),1,-0.6,1.0
0.6,6.944444444444445,MoM-AR (oracle),1,-0.5333333333333333,0.9985
0.6,6.944444444444445,MoM-AR (oracle),1,-0.4666666666666667,0.981
0.6,6.944444444444445,MoM-AR (oracle),1,-0.4,0.7225
0.6,6.944444444444445,MoM-AR (oracle),1,-0.33333333333333337,0.1215
0.6,6.944444444444445,MoM-AR (oracle),1,-0.2666666666666667,0.0
0.6,6.944444444444445,MoM-AR (oracle),1,-0.19999999999999996,0.0
0.6,6.944444444444445,MoM-AR (oracle),1,-0.1333333333333333,0.0
0.6,6.944444444444445,MoM-AR (oracle),1,-0.06666666666666665,0.0
0.6,6.944444444444445,MoM-AR (oracle),1,0.0,0.0
0.6,6.944444444444445,MoM-AR (oracle),1,0.06666666666666665,0.0
0.6,6.944444444444445,MoM-AR (oracle),1,0.1333333333333333,0.0
0.6,6.944444444444445,MoM-AR (oracle),1,0.19999999999999996,0.0
0.6,6.944444444444445,MoM-AR (oracle),1,0.2666666666666666,0.0
0.6,6.944444444444445,MoM-AR (oracle),1,0.33333333333333326,0.167
0.6,6.944444444444445,MoM-AR (oracle),1,0.3999999999999999,0.8815
0.6,6.944444444444445,MoM-AR (oracle),1,0.46666666666666656,0.998
0.6,6.944444444444445,MoM-AR (oracle),1,0.5333333333333332,1.0
0.6,6.944444444444445,MoM-AR (oracle),1,0.6000000000000001,1.0
0.6,6.944444444444445,MoM-AR (oracle),1,0.6666666666666667,1.0
0.6,6.944444444444445,MoM-AR (oracle),1,0.7333333333333334,1.0
0.6,6.944444444444445,MoM-AR (oracle),1,0.8,1.0
0.6,6.944444444444445,MoM-AR (oracle),1,0.8666666666666667,1.0
0.6,6.944444444444445,MoM-AR (oracle),1,0.9333333333333333,1.0
0.6,6.944444444444445,MoM-AR (oracle),1,1.0,1.0
0.6,6.944444444444445,MoM-AR (oracle),5,-1.0,1.0
0.6,6.944444444444445,MoM-AR (oracle),5,-0.9333333333333333,1.0
0.6,6.944444444444445,MoM-AR (oracle),5,-0.8666666666666667,1.0
0.6,6.944444444444445,MoM-AR (oracle),5,-0.8,1.0
0.6,6.944444444444445,MoM-AR (oracle),5,-0.7333333333333334,1.0
0.6,6.944444444444445,MoM-AR (oracle),5,-0.6666666666666667,1.0
0.6,6.944444444444445,MoM-AR (oracle),5,-0.6,1.0
0.6,6.944444444444445,MoM-AR (oracle),5,-0.5333333333333333,1.0
0.6,6.944444444444445,MoM-AR (oracle),5,-0.4666666666666667,0.987
0.6,6.944444444444445,MoM-AR (oracle),5,-0.4,0.754
0.6,6.944444444444445,MoM-AR (oracle),5,-0.33333333333333337,0.0775
0.6,6.944444444444445,MoM-AR (oracle),5,-0.2666666666666667,0.0
0.6,6.944444444444445,MoM-AR (oracle),5,-0.19999999999999996,0.0
0.6,6.944444444444445,MoM-AR (oracle),5,-0.1333333333333333,0.0
0.6,6.944444444444445,MoM-AR (oracle),5,-0.06666666666666665,0.0
0.6,6.944444444444445,MoM-AR (oracle),5,0.0,0.0
0.6,6.944444444444445,MoM-AR (oracle),5,0.06666666666666665,0.0
0.6,6.944444444444445,MoM-AR (oracle),5,0.1333333333333333,0.0
0.6,6.944444444444445,MoM-AR (oracle),5,0.19999999999999996,0.0
0.6,6.944444444444445,MoM-AR (oracle),5,0.2666666666666666,0.0
0.6,6.944444444444445,MoM-AR (oracle),5,0.33333333333333326,0.127
0.6,6.944444444444445,MoM-AR (oracle),5,0.3999999999999999,0.9115
0.6,6.944444444444445,MoM-AR (oracle),5,0.46666666666666656,0.999
0.6,6.944444444444445,MoM-AR (oracle),5,0.5333333333333332,1.0
0.6,6.944444444444445,MoM-AR (oracle),5,0.6000000000000001,1.0
0.6,6.944444444444445,MoM-AR (oracle),5,0.6666666666666667,1.0
0.6,6.944444444444445,MoM-AR (oracle),5,0.7333333333333334,1.0
0.6,6.944444444444445,MoM-AR (oracle),5,0.8,1.0
0.6,6.944444444444445,MoM-AR (oracle),5,0.8666666666666667,1.0
0.6,6.944444444444445,MoM-AR (oracle),5,0.9333333333333333,1.0
0.6,6.944444444444445,MoM-AR (oracle),5,1.0,1.0
0.6,6.944444444444445,MoM-AR (oracle),25,-1.0,1.0
0.6,6.944444444444445,MoM-AR (oracle),25,-0.9333333333333333,1.0
0.6,6.944444444444445,MoM-AR (oracle),25,-0.8666666666666667,1.0
0.6,6.944444444444445,MoM-AR (oracle),25,-0.8,1.0
0.6,6.944444444444445,MoM-AR (oracle),25,-0.7333333333333334,1.0
0.6,6.944444444444445,MoM-AR (oracle),25,-0.6666666666666667,1.0
0.6,6.944444444444445,MoM-AR (oracle),25,-0.6,1.0
0.6,6.944444444444445,MoM-AR (oracle),25,-0.5333333333333333,1.0
0.6,6.944444444444445,MoM-AR (oracle),25,-0.4666666666666667,0.9905
0.6,6.944444444444445,MoM-AR (oracle),25,-0.4,0.7625
0.6,6.944444444444445,MoM-AR (oracle),25,-0.33333333333333337,0.071
0.6,6.944444444444445,MoM-AR (oracle),25,-0.2666666666666667,0.0
0.6,6.944444444444445,MoM-AR (oracle),25,-0.19999999999999996,0.0
0.6,6.944444444444445,MoM-AR (oracle),25,-0.1333333333333333,0.0
0.6,6.944444444444445,MoM-AR (oracle),25,-0.06666666666666665,0.0
0.6,6.944444444444445,MoM-AR (oracle),25,0.0,0.0
0.6,6.944444444444445,MoM-AR (oracle),25,0.06666666666666665,0.0
0.6,6.944444444444445,MoM-AR (oracle),25,0.1333333333333333,0.0
0.6,6.944444444444445,MoM-AR (oracle),25,0.19999999999999996,0.0
0.6,6.944444444444445,MoM-AR (oracle),25,0.2666666666666666,0.0
0.6,6.944444444444445,MoM-AR (oracle),25,0.33333333333333326,0.116
0.6,6.944444444444445,MoM-AR (oracle),25,0.3999999999999999,0.9265
0.6,6.944444444444445,MoM-AR (oracle),25,0.46666666666666656,0.9995
0.6,6.944444444444445,MoM-AR (oracle),25,0.5333333333333332,1.0
0.6,6.944444444444445,MoM-AR (oracle),25,0.6000000000000001,1.0
0.6,6.944444444444445,MoM-AR (oracle),25,0.6666666666666667,1.0
0.6,6.944444444444445,MoM-AR (oracle),25,0.7333333333333334,1.0
0.6,6.944444444444445,MoM-AR (oracle),25,0.8,1.0
0.6,6.944444444444445,MoM-AR (oracle),25,0.8666666666666667,1.0
0.6,6.944444444444445,MoM-AR (oracle),25,0.9333333333333333,1.0
0.6,6.944444444444445,MoM-AR (oracle),25,1.0,1.0
0.6,6.944444444444445,MoM-AR (oracle),101,-1.0,1.0
0.6,6.944444444444445,MoM-AR (oracle),101,-0.9333333333333333,1.0
0.6,6.944444444444445,MoM-AR (oracle),101,-0.8666666666666667,1.0
0.6,6.944444444444445,MoM-AR (oracle),101,-0.8,1.0
0.6,6.944444444444445,MoM-AR (oracle),101,-0.7333333333333334,1.0
0.6,6.944444444444445,MoM-AR (oracle),101,-0.6666666666666667,1.0
0.6,6.944444444444445,MoM-AR (oracle),101,-0.6,1.0
0.6,6.944444444444445,MoM-AR (oracle),101,-0.5333333333333333,1.0
0.6,6.944444444444445,MoM-AR (oracle),101,-0.4666666666666667,0.992
0.6,6.944444444444445,MoM-AR (oracle),101,-0.4,0.7645
0.6,6.944444444444445,MoM-AR (oracle),101,-0.33333333333333337,0.0675
0.6,6.944444444444445,MoM-AR (oracle),101,-0.2666666666666667,0.0
0.6,6.944444444444445,MoM-AR (oracle),101,-0.19999999999999996,0.0
0.6,6.944444444444445,MoM-AR (oracle),101,-0.1333333333333333,0.0
0.6,6.944444444444445,MoM-AR (oracle),101,-0.06666666666666665,0.0
0.6,6.944444444444445,MoM-AR (oracle),101,0.0,0.0
0.6,6.944444444444445,MoM-AR (oracle),101,0.06666666666666665,0.0
0.6,6.944444444444445,MoM-AR (oracle),101,0.1333333333333333,0.0
0.6,6.944444444444445,MoM-AR (oracle),101,0.19999999999999996,0.0
0.6,6.944444444444445,MoM-AR (oracle),101,0.2666666666666666,0.0
0.6,6.944444444444445,MoM-AR (oracle),101,0.33333333333333326,0.1095
0.6,6.944444444444445,MoM-AR (oracle),101,0.3999999999999999,0.93
0.6,6.944444444444445,MoM-AR (oracle),101,0.46666666666666656,0.9995
0.6,6.944444444444445,MoM-AR (oracle),101,0.5333333333333332,1.0
0.6,6.944444444444445,MoM-AR (oracle),101,0.6000000000000001,1.0
0.6,6.944444444444445,MoM-AR (oracle),101,0.6666666666666667,1.0
0.6,6.944444444444445,MoM-AR (oracle),101,0.7333333333333334,1.0
0.6,6.944444444444445,MoM-AR (oracle),101,0.8,1.0
0.6,6.944444444444445,MoM-AR (oracle),101,0.8666666666666667,1.0
0.6,6.944444444444445,MoM-AR (oracle),101,0.9333333333333333,1.0
0.6,6.944444444444445,MoM-AR (oracle),101,1.0,1.0
0.6,6.944444444444445,MoM-AR (feasible),1,-1.0,1.0
0.6,6.944444444444445,MoM-AR (feasible),1,-0.9333333333333333,1.0
0.6,6.944444444444445,MoM-AR (feasible),1,-0.8666666666666667,1.0
0.6,6.944444444444445,MoM-AR (feasible),1,-0.8,1.0
0.6,6.944444444444445,MoM-AR (feasible),1,-0.7333333333333334,1.0
0.6,6.944444444444445,MoM-AR (feasible),1,-0.6666666666666667,1.0
0.6,6.944444444444445,MoM-AR (feasible),1,-0.6,1.0
0.6,6.944444444444445,MoM-AR (feasible),1,-0.5333333333333333,1.0
0.6,6.944444444444445,MoM-AR (feasible),1,-0.4666666666666667,0.9995
0.6,6.944444444444445,MoM-AR (feasible),1,-0.4,0.9985
0.6,6.944444444444445,MoM-AR (feasible),1,-0.33333333333333337,0.9935
0.6,6.944444444444445,MoM-AR (feasible),1,-0.2666666666666667,0.9525
0.6,6.944444444444445,MoM-AR (feasible),1,-0.19999999999999996,0.738
0.6,6.944444444444445,MoM-AR (feasible),1,-0.1333333333333333,0.2665
0.6,6.944444444444445,MoM-AR (feasible),1,-0.06666666666666665,0.011
0.6,6.944444444444445,MoM-AR (feasible),1,0.0,0.0
0.6,6.944444444444445,MoM-AR (feasible),1,0.06666666666666665,0.0105
0.6,6.944444444444445,MoM-AR (feasible),1,0.1333333333333333,0.2985
0.6,6.944444444444445,MoM-AR (feasible),1,0.19999999999999996,0.819
0.6,6.944444444444445,MoM-AR (feasible),1,0.2666666666666666,0.987
0.6,6.944444444444445,MoM-AR (feasible),1,0.33333333333333326,1.0
0.6,6.944444444444445,MoM-AR (feasible),1,0.3999999999999999,1.0
0.6,6.944444444444445,MoM-AR (feasible),1,0.46666666666666656,1.0
0.6,6.944444444444445,MoM-AR (feasible),1,0.5333333333333332,1.0
0.6,6.944444444444445,MoM-AR (feasible),1,0.6000000000000001,1.0
0.6,6.944444444444445,MoM-AR (feasible),1,0.6666666666666667,1.0
0.6,6.944444444444445,MoM-AR (feasible),1,0.7333333333333334,1.0
0.6,6.944444444444445,MoM-AR (feasible),1,0.8,1.0
0.6,6.944444444444445,MoM-AR (feasible),1,0.8666666666666667,1.0
0.6,6.944444444444445,MoM-AR (feasible),1,0.9333333333333333,1.0
0.6,6.944444444444445,MoM-AR (feasible),1,1.0,1.0
0.6,6.944444444444445,MoM-AR (feasible),5,-1.0,1.0
0.6,6.944444444444445,MoM-AR (feasible),5,-0.9333333333333333,1.0
0.6,6.944444444444445,MoM-AR (feasible),5,-0.8666666666666667,1.0
0.6,6.944444444444445,MoM-AR (feasible),5,-0.8,1.0
0.6,6.944444444444445,MoM-AR (feasible),5,-0.7333333333333334,1.0
0.6,6.944444444444445,MoM-AR (feasible),5,-0.6666666666666667,1.0
0.6,6.944444444444445,MoM-AR (feasible),5,-0.6,1.0
0.6,6.944444444444445,MoM-AR (feasible),5,-0.5333333333333333,1.0
0.6,6.944444444444445,MoM-AR (feasible),5,-0.4666666666666667,1.0
0.6,6.944444444444445,MoM-AR (feasible),5,-0.4,1.0
0.6,6.944444444444445,MoM-AR (feasible),5,-0.33333333333333337,0.9985
0.6,6.944444444444445,MoM-AR (feasible),5,-0.2666666666666667,0.986
0.6,6.944444444444445,MoM-AR (feasible),5,-0.19999999999999996,0.8245
0.6,6.944444444444445,MoM-AR (feasible),5,-0.1333333333333333,0.1785
0.6,6.944444444444445,MoM-AR (feasible),5,-0.06666666666666665,0.0005
0.6,6.944444444444445,MoM-AR (feasible),5,0.0,0.0
0.6,6.944444444444445,MoM-AR (feasible),5,0.06666666666666665,0.0
0.6,6.944444444444445,MoM-AR (feasible),5,0.1333333333333333,0.224
0.6,6.944444444444445,MoM-AR (feasible),5,0.19999999999999996,0.922
0.6,6.944444444444445,MoM-AR (feasible),5,0.2666666666666666,0.999
0.6,6.944444444444445,MoM-AR (feasible),5,0.33333333333333326,1.0
0.6,6.944444444444445,MoM-AR (feasible),5,0.3999999999999999,1.0
0.6,6.944444444444445,MoM-AR (feasible),5,0.46666666666666656,1.0
0.6,6.944444444444445,MoM-AR (feasible),5,0.5333333333333332,1.0
0.6,6.944444444444445,MoM-AR (feasible),5,0.6000000000000001,1.0
0.6,6.944444444444445,MoM-AR (feasible),5,0.6666666666666667,1.0
0.6,6.944444444444445,MoM-AR (feasible),5,0.7333333333333334,1.0
0.6,6.944444444444445,MoM-AR (feasible),5,0.8,1.0
0.6,6.944444444444445,MoM-AR (feasible),5,0.8666666666666667,1.0
0.6,6.944444444444445,MoM-AR (feasible),5,0.9333333333333333,1.0
0.6,6.944444444444445,MoM-AR (feasible),5,1.0,1.0
0.6,6.944444444444445,MoM-AR (feasible),25,-1.0,1.0
0.6,6.944444444444445,MoM-AR (feasible),25,-0.9333333333333333,1.0
0.6,6.944444444444445,MoM-AR (feasible),25,-0.8666666666666667,1.0
0.6,6.944444444444445,MoM-AR (feasible),25,-0.8,1.0
0.6,6.944444444444445,MoM-AR (feasible),25,-0.7333333333333334,1.0
0.6,6.944444444444445,MoM-AR (feasible),25,-0.6666666666666667,1.0
0.6,6.944444444444445,MoM-AR (feasible),25,-0.6,1.0
0.6,6.944444444444445,MoM-AR (feasible),25,-0.5333333333333333,1.0
0.6,6.944444444444445,MoM-AR (feasible),25,-0.4666666666666667,1.0
0.6,6.944444444444445,MoM-AR (feasible),25,-0.4,1.0
0.6,6.944444444444445,MoM-AR (feasible),25,-0.33333333333333337,1.0
0.6,6.944444444444445,MoM-AR (feasible),25,-0.2666666666666667,0.9945
0.6,6.944444444444445,MoM-AR (feasible),25,-0.19999999999999996,0.8605
0.6,6.944444444444445,MoM-AR (feasible),25,-0.1333333333333333,0.1265
0.6,6.944444444444445,MoM-AR (feasible),25,-0.06666666666666665,0.0
0.6,6.944444444444445,MoM-AR (feasible),25,0.0,0.0
0.6,6.944444444444445,MoM-AR (feasible),25,0.06666666666666665,0.0
0.6,6.944444444444445,MoM-AR (feasible),25,0.1333333333333333,0.1655
0.6,6.944444444444445,MoM-AR (feasible),25,0.19999999999999996,0.9595
0.6,6.944444444444445,MoM-AR (feasible),25,0.2666666666666666,1.0
0.6,6.944444444444445,MoM-AR (feasible),25,0.33333333333333326,1.0
0.6,6.944444444444445,MoM-AR (feasible),25,0.3999999999999999,1.0
0.6,6.944444444444445,MoM-AR (feasible),25,0.46666666666666656,1.0
0.6,6.944444444444445,MoM-AR (feasible),25,0.5333333333333332,1.0
0.6,6.944444444444445,MoM-AR (feasible),25,0.6000000000000001,1.0
0.6,6.944444444444445,MoM-AR (feasible),25,0.6666666666666667,1.0
0.6,6.944444444444445,MoM-AR (feasible),25,0.7333333333333334,1.0
0.6,6.944444444444445,MoM-AR (feasible),25,0.8,1.0
0.6,6.944444444444445,MoM-AR (feasible),25,0.8666666666666667,1.0
0.6,6.944444444444445,MoM-AR (feasible),25,0.9333333333333333,1.0
0.6,6.944444444444445,MoM-AR (feasible),25,1.0,1.0
0.6,6.944444444444445,MoM-AR (feasible),101,-1.0,1.0
0.6,6.944444444444445,MoM-AR (feasible),101,-0.9333333333333333,1.0
0.6,6.944444444444445,MoM-AR (feasible),101,-0.8666666666666667,1.0
0.6,6.944444444444445,MoM-AR (feasible),101,-0.8,1.0
0.6,6.944444444444445,MoM-AR (feasible),101,-0.7333333333333334,1.0
0.6,6.944444444444445,MoM-AR (feasible),101,-0.6666666666666667,1.0
0.6,6.944444444444445,MoM-AR (feasible),101,-0.6,1.0
0.6,6.944444444444445,MoM-AR (feasible),101,-0.5333333333333333,1.0
0.6,6.944444444444445,MoM-AR (feasible),101,-0.4666666666666667,1.0
0.6,6.944444444444445,MoM-AR (feasible),101,-0.4,1.0
0.6,6.944444444444445,MoM-AR (feasible),101,-0.33333333333333337,1.0
0.6,6.944444444444445,MoM-AR (feasible),101,-0.2666666666666667,0.9945
0.6,6.944444444444445,MoM-AR (feasible),101,-0.19999999999999996,0.8765
0.6,6.944444444444445,MoM-AR (feasible),101,-0.1333333333333333,0.115
0.6,6.944444444444445,MoM-AR (feasible),101,-0.06666666666666665,0.0
0.6,6.944444444444445,MoM-AR (feasible),101,0.0,0.0
0.6,6.944444444444445,MoM-AR (feasible),101,0.06666666666666665,0.0
0.6,6.944444444444445,MoM-AR (feasible),101,0.1333333333333333,0.148
0.6,6.944444444444445,MoM-AR (feasible),101,0.19999999999999996,0.968
0.6,6.944444444444445,MoM-AR (feasible),101,0.2666666666666666,1.0
0.6,6.944444444444445,MoM-AR (feasible),101,0.33333333333333326,1.0
0.6,6.944444444444445,MoM-AR (feasible),101,0.3999999999999999,1.0
0.6,6.944444444444445,MoM-AR (feasible),101,0.46666666666666656,1.0
0.6,6.944444444444445,MoM-AR (feasible),101,0.5333333333333332,1.0
0.6,6.944444444444445,MoM-AR (feasible),101,0.6000000000000001,1.0
0.6,6.944444444444445,MoM-AR (feasible),101,0.6666666666666667,1.0
0.6,6.944444444444445,MoM-AR (feasible),101,0.7333333333333334,1.0
0.6,6.944444444444445,MoM-AR (feasible),101,0.8,1.0
0.6,6.944444444444445,MoM-AR (feasible),101,0.8666666666666667,1.0
0.6,6.944444444444445,MoM-AR (feasible),101,0.9333333333333333,1.0
0.6,6.944444444444445,MoM-AR (feasible),101,1.0,1.0
0.4,15.624999999999996,MoM-AR (oracle),1,-1.4999999999999998,1.0
0.4,15.624999999999996,MoM-AR (oracle),1,-1.3999999999999997,1.0
0.4,15.624999999999996,MoM-AR (oracle),1,-1.2999999999999998,1.0
0.4,15.624999999999996,MoM-AR (oracle),1,-1.1999999999999997,1.0
0.4,15.624999999999996,MoM-AR (oracle),1,-1.0999999999999999,1.0
0.4,15.624999999999996,MoM-AR (oracle),1,-0.9999999999999998,1.0
0.4,15.624999999999996,MoM-AR (oracle),1,-0.8999999999999998,0.999
0.4,15.624999999999996,MoM-AR (oracle),1,-0.7999999999999998,0.9895
0.4,15.624999999999996,MoM-AR (oracle),1,-0.6999999999999998,0.926
0.4,15.624999999999996,MoM-AR (oracle),1,-0.5999999999999999,0.655
0.4,15.624999999999996,MoM-AR (oracle),1,-0.4999999999999999,0.1625
0.4,15.624999999999996,MoM-AR (oracle),1,-0.3999999999999999,0.004
0.4,15.624999999999996,MoM-AR (oracle),1,-0.2999999999999998,0.0
0.4,15.624999999999996,MoM-AR (oracle),1,-0.19999999999999996,0.0
0.4,15.624999999999996,MoM-AR (oracle),1,-0.09999999999999987,0.0
0.4,15.624999999999996,MoM-AR (oracle),1,0.0,0.0
0.4,15.624999999999996,MoM-AR (oracle),1,0.10000000000000009,0.0
0.4,15.624999999999996,MoM-AR (oracle),1,0.20000000000000018,0.0
0.4,15.624999999999996,MoM-AR (oracle),1,0.30000000000000004,0.0
0.4,15.624999999999996,MoM-AR (oracle),1,0.40000000000000013,0.002
0.4,15.624999999999996,MoM-AR (oracle),1,0.5,0.2165
0.4,15.624999999999996,MoM-AR (oracle),1,0.5999999999999999,0.8035
0.4,15.624999999999996,MoM-AR (oracle),1,0.7,0.9835
0.4,15.624999999999996,MoM-AR (oracle),1,0.8,0.9995
0.4,15.624999999999996,MoM-AR (oracle),1,0.9000000000000001,1.0
0.4,15.624999999999996,MoM-AR (oracle),1,1.0,1.0
0.4,15.624999999999996,MoM-AR (oracle),1,1.0999999999999996,1.0
0.4,15.624999999999996,MoM-AR (oracle),1,1.2000000000000002,1.0
0.4,15.624999999999996,MoM-AR (oracle),1,1.2999999999999998,1.0
0.4,15.624999999999996,MoM-AR (oracle),1,1.4000000000000004,1.0
0.4,15.624999999999996,MoM-AR (oracle),1,1.5,1.0
0.4,15.624999999999996,MoM-AR (oracle),5,-1.4999999999999998,1.0
0.4,15.624999999999996,MoM-AR (oracle),5,-1.3999999999999997,1.0
0.4,15.624999999999996,MoM-AR (oracle),5,-1.2999999999999998,1.0
0.4,15.624999999999996,MoM-AR (oracle),5,-1.1999999999999997,1.0
0.4,15.624999999999996,MoM-AR (oracle),5,-1.0999999999999999,1.0
0.4,15.624999999999996,MoM-AR (oracle),5,-0.9999999999999998,1.0
0.4,15.624999999999996,MoM-AR (oracle),5,-0.8999999999999998,0.9995
0.4,15.624999999999996,MoM-AR (oracle),5,-0.7999999999999998,0.9985
0.4,15.624999999999996,MoM-AR (oracle),5,-0.6999999999999998,0.949
0.4,15.624999999999996,MoM-AR (oracle),5,-0.5999999999999999,0.6735
0.4,15.624999999999996,MoM-AR (oracle),5,-0.4999999999999999,0.124
0.4,15.624999999999996,MoM-AR (oracle),5,-0.3999999999999999,0.001
0.4,15.624999999999996,MoM-AR (oracle),5,-0.2999999999999998,0.0
0.4,15.624999999999996,MoM-AR (oracle),5,-0.19999999999999996,0.0
0.4,15.624999999999996,MoM-AR (oracle),5,-0.09999999999999987,0.0
0.4,15.624999999999996,MoM-AR (oracle),5,0.0,0.0
0.4,15.624999999999996,MoM-AR (oracle),5,0.10000000000000009,0.0
0.4,15.624999999999996,MoM-AR (oracle),5,0.20000000000000018,0.0
0.4,15.624999999999996,MoM-AR (oracle),5,0.30000000000000004,0.0
0.4,15.624999999999996,MoM-AR (oracle),5,0.40000000000000013,0.0005
0.4,15.624999999999996,MoM-AR (oracle),5,0.5,0.185
0.4,15.624999999999996,MoM-AR (oracle),5,0.5999999999999999,0.841
0.4,15.624999999999996,MoM-AR (oracle),5,0.7,0.995
0.4,15.624999999999996,MoM-AR (oracle),5,0.8,1.0
0.4,15.624999999999996,MoM-AR (oracle),5,0.9000000000000001,1.0
0.4,15.624999999999996,MoM-AR (oracle),5,1.0,1.0
0.4,15.624999999999996,MoM-AR (oracle),5,1.0999999999999996,1.0
0.4,15.624999999999996,MoM-AR (oracle),5,1.2000000000000002,1.0
0.4,15.624999999999996,MoM-AR (oracle),5,1.2999999999999998,1.0
0.4,15.624999999999996,MoM-AR (oracle),5,1.4000000000000004,1.0
0.4,15.624999999999996,MoM-AR (oracle),5,1.5,1.0
0.4,15.624999999999996,MoM-AR (oracle),25,-1.4999999999999998,1.0
0.4,15.624999999999996,MoM-AR (oracle),25,-1.3999999999999997,1.0
0.4,15.624999999999996,MoM-AR (oracle),25,-1.2999999999999998,1.0
0.4,15.624999999999996,MoM-AR (oracle),25,-1.1999999999999997,1.0
0.4,15.624999999999996,MoM-AR (oracle),25,-1.0999999999999999,1.0
0.4,15.624999999999996,MoM-AR (oracle),25,-0.9999999999999998,1.0
0.4,15.624999999999996,MoM-AR (oracle),25,-0.8999999999999998,1.0
0.4,15.624999999999996,MoM-AR (oracle),25,-0.7999999999999998,0.9975
0.4,15.624999999999996,MoM-AR (oracle),25,-0.6999999999999998,0.957
0.4,15.624999999999996,MoM-AR (oracle),25,-0.5999999999999999,0.695
0.4,15.624999999999996,MoM-AR (oracle),25,-0.4999999999999999,0.117
0.4,15.624999999999996,MoM-AR (oracle),25,-0.3999999999999999,0.0005
0.4,15.624999999999996,MoM-AR (oracle),25,-0.2999999999999998,0.0
0.4,15.624999999999996,MoM-AR (oracle),25,-0.19999999999999996,0.0
0.4,15.624999999999996,MoM-AR (oracle),25,-0.09999999999999987,0.0
0.4,15.624999999999996,MoM-AR (oracle),25,0.0,0.0
0.4,15.624999999999996,MoM-AR (oracle),25,0.10000000000000009,0.0
0.4,15.624999999999996,MoM-AR (oracle),25,0.20000000000000018,0.0
0.4,15.624999999999996,MoM-AR (oracle),25,0.30000000000000004,0.0
0.4,15.624999999999996,MoM-AR (oracle),25,0.40000000000000013,0.0
0.4,15.624999999999996,MoM-AR (oracle),25,0.5,0.1655
0.4,15.624999999999996,MoM-AR (oracle),25,0.5999999999999999,0.857
0.4,15.624999999999996,MoM-AR (oracle),25,0.7,0.9955
0.4,15.624999999999996,MoM-AR (oracle),25,0.8,1.0
0.4,15.624999999999996,MoM-AR (oracle),25,0.9000000000000001,1.0
0.4,15.624999999999996,MoM-AR (oracle),25,1.0,1.0
0.4,15.624999999999996,MoM-AR (oracle),25,1.0999999999999996,1.0
0.4,15.624999999999996,MoM-AR (oracle),25,1.2000000000000002,1.0
0.4,15.624999999999996,MoM-AR (oracle),25,1.2999999999999998,1.0
0.4,15.624999999999996,MoM-AR (oracle),25,1.4000000000000004,1.0
0.4,15.624999999999996,MoM-AR (oracle),25,1.5,1.0
0.4,15.624999999999996,MoM-AR (oracle),101,-1.4999999999999998,1.0
0.4,15.624999999999996,MoM-AR (oracle),101,-1.3999999999999997,1.0
0.4,15.624999999999996,MoM-AR (oracle),101,-1.2999999999999998,1.0
0.4,15.624999999999996,MoM-AR (oracle),101,-1.1999999999999997,1.0
0.4,15.624999999999996,MoM-AR (oracle),101,-1.0999999999999999,1.0
0.4,15.624999999999996,MoM-AR (oracle),101,-0.9999999999999998,1.0
0.4,15.624999999999996,MoM-AR (oracle),101,-0.8999999999999998,1.0
0.4,15.624999999999996,MoM-AR (oracle),101,-0.7999999999999998,0.9975
0.4,15.624999999999996,MoM-AR (oracle),101,-0.6999999999999998,0.9585
0.4,15.624999999999996,MoM-AR (oracle),101,-0.5999999999999999,0.696
0.4,15.624999999999996,MoM-AR (oracle),101,-0.4999999999999999,0.118
0.4,15.624999999999996,MoM-AR (oracle),101,-0.3999999999999999,0.0005
0.4,15.624999999999996,MoM-AR (oracle),101,-0.2999999999999998,0.0
0.4,15.624999999999996,MoM-AR (oracle),101,-0.19999999999999996,0.0
0.4,15.624999999999996,MoM-AR (oracle),101,-0.09999999999999987,0.0
0.4,15.624999999999996,MoM-AR (oracle),101,0.0,0.0
0.4,15.624999999999996,MoM-AR (oracle),101,0.10000000000000009,0.0
0.4,15.624999999999996,MoM-AR (oracle),101,0.20000000000000018,0.0
0.4,15.624999999999996,MoM-AR (oracle),101,0.30000000000000004,0.0
0.4,15.624999999999996,MoM-AR (oracle),101,0.40000000000000013,0.0
0.4,15.624999999999996,MoM-AR (oracle),101,0.5,0.16
0.4,15.624999999999996,MoM-AR (oracle),101,0.5999999999999999,0.8575
0.4,15.624999999999996,MoM-AR (oracle),101,0.7,0.998
0.4,15.624999999999996,MoM-AR (oracle),101,0.8,1.0
0.4,15.624999999999996,MoM-AR (oracle),101,0.9000000000000001,1.0
0.4,15.624999999999996,MoM-AR (oracle),101,1.0,1.0
0.4,15.624999999999996,MoM-AR (oracle),101,1.0999999999999996,1.0
0.4,15.624999999999996,MoM-AR (oracle),101,1.2000000000000002,1.0
0.4,15.624999999999996,MoM-AR (oracle),101,1.2999999999999998,1.0
0.4,15.624999999999996,MoM-AR (oracle),101,1.4000000000000004,1.0
0.4,15.624999999999996,MoM-AR (oracle),101,1.5,1.0
0.4,15.624999999999996,MoM-AR (feasible),1,-1.4999999999999998,1.0
0.4,15.624999999999996,MoM-AR (feasible),1,-1.3999999999999997,1.0
0.4,15.624999999999996,MoM-AR (feasible),1,-1.2999999999999998,1.0
0.4,15.624999999999996,MoM-AR (feasible),1,-1.1999999999999997,1.0
0.4,15.624999999999996,MoM-AR (feasible),1,-1.0999999999999999,1.0
0.4,15.624999999999996,MoM-AR (feasible),1,-0.9999999999999998,1.0
0.4,15.624999999999996,MoM-AR (feasible),1,-0.8999999999999998,1.0
0.4,15.624999999999996,MoM-AR (feasible),1,-0.7999999999999998,1.0
0.4,15.624999999999996,MoM-AR (feasible),1,-0.6999999999999998,0.9995
0.4,15.624999999999996,MoM-AR (feasible),1,-0.5999999999999999,0.999
0.4,15.624999999999996,MoM-AR (feasible),1,-0.4999999999999999,0.991
0.4,15.624999999999996,MoM-AR (feasible),1,-0.3999999999999999,0.941
0.4,15.624999999999996,MoM-AR (feasible),1,-0.2999999999999998,0.729
0.4,15.624999999999996,MoM-AR (feasible),1,-0.19999999999999996,0.289
0.4,15.624999999999996,MoM-AR (feasible),1,-0.09999999999999987,0.0155
0.4,15.624999999999996,MoM-AR (feasible),1,0.0,0.0
0.4,15.624999999999996,MoM-AR (feasible),1,0.10000000000000009,0.0115
0.4,15.624999999999996,MoM-AR (feasible),1,0.20000000000000018,0.3285
0.4,15.624999999999996,MoM-AR (feasible),1,0.30000000000000004,0.8315
0.4,15.624999999999996,MoM-AR (feasible),1,0.40000000000000013,0.9795
0.4,15.624999999999996,MoM-AR (feasible),1,0.5,0.999
0.4,15.624999999999996,MoM-AR (feasible),1,0.5999999999999999,0.9995
0.4,15.624999999999996,MoM-AR (feasible),1,0.7,1.0
0.4,15.624999999999996,MoM-AR (feasible),1,0.8,1.0
0.4,15.624999999999996,MoM-AR (feasible),1,0.9000000000000001,1.0
0.4,15.624999999999996,MoM-AR (feasible),1,1.0,1.0
0.4,15.624999999999996,MoM-AR (feasible),1,1.0999999999999996,1.0
0.4,15.624999999999996,MoM-AR (feasible),1,1.2000000000000002,1.0
0.4,15.624999999999996,MoM-AR (feasible),1,1.2999999999999998,1.0
0.4,15.624999999999996,MoM-AR (feasible),1,1.4000000000000004,1.0
0.4,15.624999999999996,MoM-AR (feasible),1,1.5,1.0
0.4,15.624999999999996,MoM-AR (feasible),5,-1.4999999999999998,1.0
0.4,15.624999999999996,MoM-AR (feasible),5,-1.3999999999999997,1.0
0.4,15.624999999999996,MoM-AR (feasible),5,-1.2999999999999998,1.0
0.4,15.624999999999996,MoM-AR (feasible),5,-1.1999999999999997,1.0
0.4,15.624999999999996,MoM-AR (feasible),5,-1.0999999999999999,1.0
0.4,15.624999999999996,MoM-AR (feasible),5,-0.9999999999999998,1.0
0.4,15.624999999999996,MoM-AR (feasible),5,-0.8999999999999998,1.0
0.4,15.624999999999996,MoM-AR (feasible),5,-0.7999999999999998,1.0
0.4,15.624999999999996,MoM-AR (feasible),5,-0.6999999999999998,1.0
0.4,15.624999999999996,MoM-AR (feasible),5,-0.5999999999999999,1.0
0.4,15.624999999999996,MoM-AR (feasible),5,-0.4999999999999999,0.999
0.4,15.624999999999996,MoM-AR (feasible),5,-0.3999999999999999,0.9795
0.4,15.624999999999996,MoM-AR (feasible),5,-0.2999999999999998,0.797
0.4,15.624999999999996,MoM-AR (feasible),5,-0.19999999999999996,0.1925
0.4,15.624999999999996,MoM-AR (feasible),5,-0.09999999999999987,0.0005
0.4,15.624999999999996,MoM-AR (feasible),5,0.0,0.0
0.4,15.624999999999996,MoM-AR (feasible),5,0.10000000000000009,0.0005
0.4,15.624999999999996,MoM-AR (feasible),5,0.20000000000000018,0.2275
0.4,15.624999999999996,MoM-AR (feasible),5,0.30000000000000004,0.905
0.4,15.624999999999996,MoM-AR (feasible),5,0.40000000000000013,0.999
0.4,15.624999999999996,MoM-AR (feasible),5,0.5,1.0
0.4,15.624999999999996,MoM-AR (feasible),5,0.5999999999999999,1.0
0.4,15.624999999999996,MoM-AR (feasible),5,0.7,1.0
0.4,15.624999999999996,MoM-AR (feasible),5,0.8,1.0
0.4,15.624999999999996,MoM-AR (feasible),5,0.9000000000000001,1.0
0.4,15.624999999999996,MoM-AR (feasible),5,1.0,1.0
0.4,15.624999999999996,MoM-AR (feasible),5,1.0999999999999996,1.0
0.4,15.624999999999996,MoM-AR (feasible),5,1.2000000000000002,1.0
0.4,15.624999999999996,MoM-AR (feasible),5,1.2999999999999998,1.0
0.4,15.624999999999996,MoM-AR (feasible),5,1.4000000000000004,1.0
0.4,15.624999999999996,MoM-AR (feasible),5,1.5,1.0
0.4,15.624999999999996,MoM-AR (feasible),25,-1.4999999999999998,1.0
0.4,15.624999999999996,MoM-AR (feasible),25,-1.3999999999999997,1.0
0.4,15.624999999999996,MoM-AR (feasible),25,-1.2999999999999998,1.0
0.4,15.624999999999996,MoM-AR (feasible),25,-1.1999999999999997,1.0
0.4,15.624999999999996,MoM-AR (feasible),25,-1.0999999999999999,1.0
0.4,15.624999999999996,MoM-AR (feasible),25,-0.9999999999999998,1.0
0.4,15.624999999999996,MoM-AR (feasible),25,-0.8999999999999998,1.0
0.4,15.624999999999996,MoM-AR (feasible),25,-0.7999999999999998,1.0
0.4,15.624999999999996,MoM-AR (feasible),25,-0.6999999999999998,1.0
0.4,15.624999999999996,MoM-AR (feasible),25,-0.5999999999999999,1.0
0.4,15.624999999999996,MoM-AR (feasible),25,-0.4999999999999999,0.9995
0.4,15.624999999999996,MoM-AR (feasible),25,-0.3999999999999999,0.991
0.4,15.624999999999996,MoM-AR (feasible),25,-0.2999999999999998,0.8305
0.4,15.624999999999996,MoM-AR (feasible),25,-0.19999999999999996,0.1545
0.4,15.624999999999996,MoM-AR (feasible),25,-0.09999999999999987,0.0
0.4,15.624999999999996,MoM-AR (feasible),25,0.0,0.0
0.4,15.624999999999996,MoM-AR (feasible),25,0.10000000000000009,0.0
0.4,15.624999999999996,MoM-AR (feasible),25,0.20000000000000018,0.166
0.4,15.624999999999996,MoM-AR (feasible),25,0.30000000000000004,0.95
0.4,15.624999999999996,MoM-AR (feasible),25,0.40000000000000013,1.0
0.4,15.624999999999996,MoM-AR (feasible),25,0.5,1.0
0.4,15.624999999999996,MoM-AR (feasible),25,0.5999999999999999,1.0
0.4,15.624999999999996,MoM-AR (feasible),25,0.7,1.0
0.4,15.624999999999996,MoM-AR (feasible),25,0.8,1.0
0.4,15.624999999999996,MoM-AR (feasible),25,0.9000000000000001,1.0
0.4,15.624999999999996,MoM-AR (feasible),25,1.0,1.0
0.4,15.624999999999996,MoM-AR (feasible),25,1.0999999999999996,1.0
0.4,15.624999999999996,MoM-AR (feasible),25,1.2000000000000002,1.0
0.4,15.624999999999996,MoM-AR (feasible),25,1.2999999999999998,1.0
0.4,15.624999999999996,MoM-AR (feasible),25,1.4000000000000004,1.0
0.4,15.624999999999996,MoM-AR (feasible),25,1.5,1.0
0.4,15.624999999999996,MoM-AR (feasible),101,-1.4999999999999998,1.0
0.4,15.624999999999996,MoM-AR (feasible),101,-1.3999999999999997,1.0
0.4,15.624999999999996,MoM-AR (feasible),101,-1.2999999999999998,1.0
0.4,15.624999999999996,MoM-AR (feasible),101,-1.1999999999999997,1.0
0.4,15.624999999999996,MoM-AR (feasible),101,-1.0999999999999999,1.0
0.4,15.624999999999996,MoM-AR (feasible),101,-0.9999999999999998,1.0
0.4,15.624999999999996,MoM-AR (feasible),101,-0.8999999999999998,1.0
0.4,15.624999999999996,MoM-AR (feasible),101,-0.7999999999999998,1.0
0.4,15.624999999999996,MoM-AR (feasible),101,-0.6999999999999998,1.0
0.4,15.624999999999996,MoM-AR (feasible),101,-0.5999999999999999,1.0
0.4,15.624999999999996,MoM-AR (feasible),101,-0.4999999999999999,0.9995
0.4,15.624999999999996,MoM-AR (feasible),101,-0.3999999999999999,0.99
0.4,15.624999999999996,MoM-AR (feasible),101,-0.2999999999999998,0.8465
0.4,15.624999999999996,MoM-AR (feasible),101,-0.19999999999999996,0.1405
0.4,15.624999999999996,MoM-AR (feasible),101,-0.09999999999999987,0.0
0.4,15.624999999999996,MoM-AR (feasible),101,0.0,0.0
0.4,15.624999999999996,MoM-AR (feasible),101,0.10000000000000009,0.0
0.4,15.624999999999996,MoM-AR (feasible),101,0.20000000000000018,0.145
0.4,15.624999999999996,MoM-AR (feasible),101,0.30000000000000004,0.9615
0.4,15.624999999999996,MoM-AR (feasible),101,0.40000000000000013,1.0
0.4,15.624999999999996,MoM-AR (feasible),101,0.5,1.0
0.4,15.624999999999996,MoM-AR (feasible),101,0.5999999999999999,1.0
0.4,15.624999999999996,MoM-AR (feasible),101,0.7,1.0
0.4,15.624999999999996,MoM-AR (feasible),101,0.8,1.0
0.4,15.624999999999996,MoM-AR (feasible),101,0.9000000000000001,1.0
0.4,15.624999999999996,MoM-AR (feasible),101,1.0,1.0
0.4,15.624999999999996,MoM-AR (feasible),101,1.0999999999999996,1.0
0.4,15.624999999999996,MoM-AR (feasible),101,1.2000000000000002,1.0
0.4,15.624999999999996,MoM-AR (feasible),101,1.2999999999999998,1.0
0.4,15.624999999999996,MoM-AR (feasible),101,1.4000000000000004,1.0
0.4,15.624999999999996,MoM-AR (feasible),101,1.5,1.0
0.3,27.77777777777778,MoM-AR (oracle),1,-2.0,1.0
0.3,27.77777777777778,MoM-AR (oracle),1,-1.8666666666666667,1.0
0.3,27.77777777777778,MoM-AR (oracle),1,-1.7333333333333334,1.0
0.3,27.77777777777778,MoM-AR (oracle),1,-1.6,0.9995
0.3,27.77777777777778,MoM-AR (oracle),1,-1.4666666666666668,0.999
0.3,27.77777777777778,MoM-AR (oracle),1,-1.3333333333333335,0.9975
0.3,27.77777777777778,MoM-AR (oracle),1,-1.2,0.9905
0.3,27.77777777777778,MoM-AR (oracle),1,-1.0666666666666667,0.968
0.3,27.77777777777778,MoM-AR (oracle),1,-0.9333333333333333,0.872
0.3,27.77777777777778,MoM-AR (oracle),1,-0.8,0.6005
0.3,27.77777777777778,MoM-AR (oracle),1,-0.6666666666666667,0.195
0.3,27.77777777777778,MoM-AR (oracle),1,-0.5333333333333334,0.0095
0.3,27.77777777777778,MoM-AR (oracle),1,-0.3999999999999999,0.0
0.3,27.77777777777778,MoM-AR (oracle),1,-0.2666666666666666,0.0
0.3,27.77777777777778,MoM-AR (oracle),1,-0.1333333333333333,0.0
0.3,27.77777777777778,MoM-AR (oracle),1,0.0,0.0
0.3,27.77777777777778,MoM-AR (oracle),1,0.1333333333333333,0.0
0.3,27.77777777777778,MoM-AR (oracle),1,0.2666666666666666,0.0
0.3,27.77777777777778,MoM-AR (oracle),1,0.3999999999999999,0.0
0.3,27.77777777777778,MoM-AR (oracle),1,0.5333333333333332,0.0075
0.3,27.77777777777778,MoM-AR (oracle),1,0.6666666666666665,0.271
0.3,27.77777777777778,MoM-AR (oracle),1,0.7999999999999998,0.794
0.3,27.77777777777778,MoM-AR (oracle),1,0.9333333333333331,0.964
0.3,27.77777777777778,MoM-AR (oracle),1,1.0666666666666664,0.9945
0.3,27.77777777777778,MoM-AR (oracle),1,1.2000000000000002,0.999
0.3,27.77777777777778,MoM-AR (oracle),1,1.3333333333333335,0.9995
0.3,27.77777777777778,MoM-AR (oracle),1,1.4666666666666668,1.0
0.3,27.77777777777778,MoM-AR (oracle),1,1.6,1.0
0.3,27.77777777777778,MoM-AR (oracle),1,1.7333333333333334,1.0
0.3,27.77777777777778,MoM-AR (oracle),1,1.8666666666666667,1.0
0.3,27.77777777777778,MoM-AR (oracle),1,2.0,1.0
0.3,27.77777777777778,MoM-AR (oracle),5,-2.0,1.0
0.3,27.77777777777778,MoM-AR (oracle),5,-1.8666666666666667,1.0
0.3,27.77777777777778,MoM-AR (oracle),5,-1.7333333333333334,1.0
0.3,27.77777777777778,MoM-AR (oracle),5,-1.6,1.0
0.3,27.77777777777778,MoM-AR (oracle),5,-1.4666666666666668,1.0
0.3,27.77777777777778,MoM-AR (oracle),5,-1.3333333333333335,0.9995
0.3,27.77777777777778,MoM-AR (oracle),5,-1.2,0.9985
0.3,27.77777777777778,MoM-AR (oracle),5,-1.0666666666666667,0.9855
0.3,27.77777777777778,MoM-AR (oracle),5,-0.9333333333333333,0.9085
0.3,27.77777777777778,MoM-AR (oracle),5,-0.8,0.626
0.3,27.77777777777778,MoM-AR (oracle),5,-0.6666666666666667,0.167
0.3,27.77777777777778,MoM-AR (oracle),5,-0.5333333333333334,0.001
0.3,27.77777777777778,MoM-AR (oracle),5,-0.3999999999999999,0.0
0.3,27.77777777777778,MoM-AR (oracle),5,-0.2666666666666666,0.0
0.3,27.77777777777778,MoM-AR (oracle),5,-0.1333333333333333,0.0
0.3,27.77777777777778,MoM-AR (oracle),5,0.0,0.0
0.3,27.77777777777778,MoM-AR (oracle),5,0.1333333333333333,0.0
0.3,27.77777777777778,MoM-AR (oracle),5,0.2666666666666666,0.0
0.3,27.77777777777778,MoM-AR (oracle),5,0.3999999999999999,0.0
0.3,27.77777777777778,MoM-AR (oracle),5,0.5333333333333332,0.003
0.3,27.77777777777778,MoM-AR (oracle),5,0.6666666666666665,0.254
0.3,27.77777777777778,MoM-AR (oracle),5,0.7999999999999998,0.8235
0.3,27.77777777777778,MoM-AR (oracle),5,0.9333333333333331,0.9855
0.3,27.77777777777778,MoM-AR (oracle),5,1.0666666666666664,0.9985
0.3,27.77777777777778,MoM-AR (oracle),5,1.2000000000000002,0.999
0.3,27.77777777777778,MoM-AR (oracle),5,1.3333333333333335,1.0
0.3,27.77777777777778,MoM-AR (oracle),5,1.4666666666666668,1.0
0.3,27.77777777777778,MoM-AR (oracle),5,1.6,1.0
0.3,27.77777777777778,MoM-AR (oracle),5,1.7333333333333334,1.0
0.3,27.77777777777778,MoM-AR (oracle),5,1.8666666666666667,1.0
0.3,27.77777777777778,MoM-AR (oracle),5,2.0,1.0
0.3,27.77777777777778,MoM-AR (oracle),25,-2.0,1.0
0.3,27.77777777777778,MoM-AR (oracle),25,-1.8666666666666667,1.0
0.3,27.77777777777778,MoM-AR (oracle),25,-1.7333333333333334,1.0
0.3,27.77777777777778,MoM-AR (oracle),25,-1.6,1.0
0.3,27.77777777777778,MoM-AR (oracle),25,-1.4666666666666668,1.0
0.3,27.77777777777778,MoM-AR (oracle),25,-1.3333333333333335,0.9995
0.3,27.77777777777778,MoM-AR (oracle),25,-1.2,0.999
0.3,27.77777777777778,MoM-AR (oracle),25,-1.0666666666666667,0.9895
0.3,27.77777777777778,MoM-AR (oracle),25,-0.9333333333333333,0.918
0.3,27.77777777777778,MoM-AR (oracle),25,-0.8,0.646
0.3,27.77777777777778,MoM-AR (oracle),25,-0.6666666666666667,0.1585
0.3,27.77777777777778,MoM-AR (oracle),25,-0.5333333333333334,0.0025
0.3,27.77777777777778,MoM-AR (oracle),25,-0.3999999999999999,0.0
0.3,27.77777777777778,MoM-AR (oracle),25,-0.2666666666666666,0.0
0.3,27.77777777777778,MoM-AR (oracle),25,-0.1333333333333333,0.0
0.3,27.77777777777778,MoM-AR (oracle),25,0.0,0.0
0.3,27.77777777777778,MoM-AR (oracle),25,0.1333333333333333,0.0
0.3,27.77777777777778,MoM-AR (oracle),25,0.2666666666666666,0.0
0.3,27.77777777777778,MoM-AR (oracle),25,0.3999999999999999,0.0
0.3,27.77777777777778,MoM-AR (oracle),25,0.5333333333333332,0.0015
0.3,27.77777777777778,MoM-AR (oracle),25,0.6666666666666665,0.249
0.3,27.77777777777778,MoM-AR (oracle),25,0.7999999999999998,0.834
0.3,27.77777777777778,MoM-AR (oracle),25,0.9333333333333331,0.989
0.3,27.77777777777778,MoM-AR (oracle),25,1.0666666666666664,0.999
0.3,27.77777777777778,MoM-AR (oracle),25,1.2000000000000002,0.999
0.3,27.77777777777778,MoM-AR (oracle),25,1.3333333333333335,1.0
0.3,27.77777777777778,MoM-AR (oracle),25,1.4666666666666668,1.0
0.3,27.77777777777778,MoM-AR (oracle),25,1.6,1.0
0.3,27.77777777777778,MoM-AR (oracle),25,1.7333333333333334,1.0
0.3,27.77777777777778,MoM-AR (oracle),25,1.8666666666666667,1.0
0.3,27.77777777777778,MoM-AR (oracle),25,2.0,1.0
0.3,27.77777777777778,MoM-AR (oracle),101,-2.0,1.0
0.3,27.77777777777778,MoM-AR (oracle),101,-1.8666666666666667,1.0
0.3,27.77777777777778,MoM-AR (oracle),101,-1.7333333333333334,1.0
0.3,27.77777777777778,MoM-AR (oracle),101,-1.6,1.0
0.3,27.77777777777778,MoM-AR (oracle),101,-1.4666666666666668,1.0
0.3,27.77777777777778,MoM-AR (oracle),101,-1.3333333333333335,0.9995
0.3,27.77777777777778,MoM-AR (oracle),101,-1.2,0.9985
0.3,27.77777777777778,MoM-AR (oracle),101,-1.0666666666666667,0.9895
0.3,27.77777777777778,MoM-AR (oracle),101,-0.9333333333333333,0.925
0.3,27.77777777777778,MoM-AR (oracle),101,-0.8,0.6415
0.3,27.77777777777778,MoM-AR (oracle),101,-0.6666666666666667,0.158
0.3,27.77777777777778,MoM-AR (oracle),101,-0.5333333333333334,0.002
0.3,27.77777777777778,MoM-AR (oracle),101,-0.3999999999999999,0.0
0.3,27.77777777777778,MoM-AR (oracle),101,-0.2666666666666666,0.0
0.3,27.77777777777778,MoM-AR (oracle),101,-0.1333333333333333,0.0
0.3,27.77777777777778,MoM-AR (oracle),101,0.0,0.0
0.3,27.77777777777778,MoM-AR (oracle),101,0.1333333333333333,0.0
0.3,27.77777777777778,MoM-AR (oracle),101,0.2666666666666666,0.0
0.3,27.77777777777778,MoM-AR (oracle),101,0.3999999999999999,0.0
0.3,27.77777777777778,MoM-AR (oracle),101,0.5333333333333332,0.002
0.3,27.77777777777778,MoM-AR (oracle),101,0.6666666666666665,0.248
0.3,27.77777777777778,MoM-AR (oracle),101,0.7999999999999998,0.841
0.3,27.77777777777778,MoM-AR (oracle),101,0.9333333333333331,0.9895
0.3,27.77777777777778,MoM-AR (oracle),101,1.0666666666666664,0.999
0.3,27.77777777777778,MoM-AR (oracle),101,1.2000000000000002,0.999
0.3,27.77777777777778,MoM-AR (oracle),101,1.3333333333333335,1.0
0.3,27.77777777777778,MoM-AR (oracle),101,1.4666666666666668,1.0
0.3,27.77777777777778,MoM-AR (oracle),101,1.6,1.0
0.3,27.77777777777778,MoM-AR (oracle),101,1.7333333333333334,1.0
0.3,27.77777777777778,MoM-AR (oracle),101,1.8666666666666667,1.0
0.3,27.77777777777778,MoM-AR (oracle),101,2.0,1.0
0.3,27.77777777777778,MoM-AR (feasible),1,-2.0,1.0
0.3,27.77777777777778,MoM-AR (feasible),1,-1.8666666666666667,1.0
0.3,27.77777777777778,MoM-AR (feasible),1,-1.7333333333333334,1.0
0.3,27.77777777777778,MoM-AR (feasible),1,-1.6,1.0
0.3,27.77777777777778,MoM-AR (feasible),1,-1.4666666666666668,1.0
0.3,27.77777777777778,MoM-AR (feasible),1,-1.3333333333333335,1.0
0.3,27.77777777777778,MoM-AR (feasible),1,-1.2,1.0
0.3,27.77777777777778,MoM-AR (feasible),1,-1.0666666666666667,0.999
0.3,27.77777777777778,MoM-AR (feasible),1,-0.9333333333333333,0.998
0.3,27.77777777777778,MoM-AR (feasible),1,-0.8,0.992
0.3,27.77777777777778,MoM-AR (feasible),1,-0.6666666666666667,0.9795
0.3,27.77777777777778,MoM-AR (feasible),1,-0.5333333333333334,0.9155
0.3,27.77777777777778,MoM-AR (feasible),1,-0.3999999999999999,0.7085
0.3,27.77777777777778,MoM-AR (feasible),1,-0.2666666666666666,0.2695
0.3,27.77777777777778,MoM-AR (feasible),1,-0.1333333333333333,0.019
0.3,27.77777777777778,MoM-AR (feasible),1,0.0,0.0
0.3,27.77777777777778,MoM-AR (feasible),1,0.1333333333333333,0.0095
0.3,27.77777777777778,MoM-AR (feasible),1,0.2666666666666666,0.3245
0.3,27.77777777777778,MoM-AR (feasible),1,0.3999999999999999,0.8225
0.3,27.77777777777778,MoM-AR (feasible),1,0.5333333333333332,0.9705
0.3,27.77777777777778,MoM-AR (feasible),1,0.6666666666666665,0.9985
0.3,27.77777777777778,MoM-AR (feasible),1,0.7999999999999998,0.9995
0.3,27.77777777777778,MoM-AR (feasible),1,0.9333333333333331,1.0
0.3,27.77777777777778,MoM-AR (feasible),1,1.0666666666666664,1.0
0.3,27.77777777777778,MoM-AR (feasible),1,1.2000000000000002,1.0
0.3,27.77777777777778,MoM-AR (feasible),1,1.3333333333333335,1.0
0.3,27.77777777777778,MoM-AR (feasible),1,1.4666666666666668,1.0
0.3,27.77777777777778,MoM-AR (feasible),1,1.6,1.0
0.3,27.77777777777778,MoM-AR (feasible),1,1.7333333333333334,1.0
0.3,27.77777777777778,MoM-AR (feasible),1,1.8666666666666667,1.0
0.3,27.77777777777778,MoM-AR (feasible),1,2.0,1.0
0.3,27.77777777777778,MoM-AR (feasible),5,-2.0,1.0
0.3,27.77777777777778,MoM-AR (feasible),5,-1.8666666666666667,1.0
0.3,27.77777777777778,MoM-AR (feasible),5,-1.7333333333333334,1.0
0.3,27.77777777777778,MoM-AR (feasible),5,-1.6,1.0
0.3,27.77777777777778,MoM-AR (feasible),5,-1.4666666666666668,1.0
0.3,27.77777777777778,MoM-AR (feasible),5,-1.3333333333333335,1.0
0.3,27.77777777777778,MoM-AR (feasible),5,-1.2,1.0
0.3,27.77777777777778,MoM-AR (feasible),5,-1.0666666666666667,1.0
0.3,27.77777777777778,MoM-AR (feasible),5,-0.9333333333333333,1.0
0.3,27.77777777777778,MoM-AR (feasible),5,-0.8,1.0
0.3,27.77777777777778,MoM-AR (feasible),5,-0.6666666666666667,0.996
0.3,27.77777777777778,MoM-AR (feasible),5,-0.5333333333333334,0.9665
0.3,27.77777777777778,MoM-AR (feasible),5,-0.3999999999999999,0.789
0.3,27.77777777777778,MoM-AR (feasible),5,-0.2666666666666666,0.2045
0.3,27.77777777777778,MoM-AR (feasible),5,-0.1333333333333333,0.0015
0.3,27.77777777777778,MoM-AR (feasible),5,0.0,0.0
0.3,27.77777777777778,MoM-AR (feasible),5,0.1333333333333333,0.0005
0.3,27.77777777777778,MoM-AR (feasible),5,0.2666666666666666,0.2505
0.3,27.77777777777778,MoM-AR (feasible),5,0.3999999999999999,0.9
0.3,27.77777777777778,MoM-AR (feasible),5,0.5333333333333332,0.9945
0.3,27.77777777777778,MoM-AR (feasible),5,0.6666666666666665,1.0
0.3,27.77777777777778,MoM-AR (feasible),5,0.7999999999999998,1.0
0.3,27.77777777777778,MoM-AR (feasible),5,0.9333333333333331,1.0
0.3,27.77777777777778,MoM-AR (feasible),5,1.0666666666666664,1.0
0.3,27.77777777777778,MoM-AR (feasible),5,1.2000000000000002,1.0
0.3,27.77777777777778,MoM-AR (feasible),5,1.3333333333333335,1.0
0.3,27.77777777777778,MoM-AR (feasible),5,1.4666666666666668,1.0
0.3,27.77777777777778,MoM-AR (feasible),5,1.6,1.0
0.3,27.77777777777778,MoM-AR (feasible),5,1.7333333333333334,1.0
0.3,27.77777777777778,MoM-AR (feasible),5,1.8666666666666667,1.0
0.3,27.77777777777778,MoM-AR (feasible),5,2.0,1.0
0.3,27.77777777777778,MoM-AR (feasible),25,-2.0,1.0
0.3,27.77777777777778,MoM-AR (feasible),25,-1.8666666666666667,1.0
0.3,27.77777777777778,MoM-AR (feasible),25,-1.7333333333333334,1.0
0.3,27.77777777777778,MoM-AR (feasible),25,-1.6,1.0
0.3,27.77777777777778,MoM-AR (feasible),25,-1.4666666666666668,1.0
0.3,27.77777777777778,MoM-AR (feasible),25,-1.3333333333333335,1.0
0.3,27.77777777777778,MoM-AR (feasible),25,-1.2,1.0
0.3,27.77777777777778,MoM-AR (feasible),25,-1.0666666666666667,1.0
0.3,27.77777777777778,MoM-AR (feasible),25,-0.9333333333333333,1.0
0.3,27.77777777777778,MoM-AR (feasible),25,-0.8,1.0
0.3,27.77777777777778,MoM-AR (feasible),25,-0.6666666666666667,0.9995
0.3,27.77777777777778,MoM-AR (feasible),25,-0.5333333333333334,0.983
0.3,27.77777777777778,MoM-AR (feasible),25,-0.3999999999999999,0.802
0.3,27.77777777777778,MoM-AR (feasible),25,-0.2666666666666666,0.164
0.3,27.77777777777778,MoM-AR (feasible),25,-0.1333333333333333,0.0
0.3,27.77777777777778,MoM-AR (feasible),25,0.0,0.0
0.3,27.77777777777778,MoM-AR (feasible),25,0.1333333333333333,0.0
0.3,27.77777777777778,MoM-AR (feasible),25,0.2666666666666666,0.184
0.3,27.77777777777778,MoM-AR (feasible),25,0.3999999999999999,0.9535
0.3,27.77777777777778,MoM-AR (feasible),25,0.5333333333333332,0.9995
0.3,27.77777777777778,MoM-AR (feasible),25,0.6666666666666665,1.0
0.3,27.77777777777778,MoM-AR (feasible),25,0.7999999999999998,1.0
0.3,27.77777777777778,MoM-AR (feasible),25,0.9333333333333331,1.0
0.3,27.77777777777778,MoM-AR (feasible),25,1.0666666666666664,1.0
0.3,27.77777777777778,MoM-AR (feasible),25,1.2000000000000002,1.0
0.3,27.77777777777778,MoM-AR (feasible),25,1.3333333333333335,1.0
0.3,27.77777777777778,MoM-AR (feasible),25,1.4666666666666668,1.0
0.3,27.77777777777778,MoM-AR (feasible),25,1.6,1.0
0.3,27.77777777777778,MoM-AR (feasible),25,1.7333333333333334,1.0
0.3,27.77777777777778,MoM-AR (feasible),25,1.8666666666666667,1.0
0.3,27.77777777777778,MoM-AR (feasible),25,2.0,1.0
0.3,27.77777777777778,MoM-AR (feasible),101,-2.0,1.0
0.3,27.77777777777778,MoM-AR (feasible),101,-1.8666666666666667,1.0
0.3,27.77777777777778,MoM-AR (feasible),101,-1.7333333333333334,1.0
0.3,27.77777777777778,MoM-AR (feasible),101,-1.6,1.0
0.3,27.77777777777778,MoM-AR (feasible),101,-1.4666666666666668,1.0
0.3,27.77777777777778,MoM-AR (feasible),101,-1.3333333333333335,1.0
0.3,27.77777777777778,MoM-AR (feasible),101,-1.2,1.0
0.3,27.77777777777778,MoM-AR (feasible),101,-1.0666666666666667,1.0
0.3,27.77777777777778,MoM-AR (feasible),101,-0.9333333333333333,1.0
0.3,27.77777777777778,MoM-AR (feasible),101,-0.8,1.0
0.3,27.77777777777778,MoM-AR (feasible),101,-0.6666666666666667,0.999
0.3,27.77777777777778,MoM-AR (feasible),101,-0.5333333333333334,0.984
0.3,27.77777777777778,MoM-AR (feasible),101,-0.3999999999999999,0.811
0.3,27.77777777777778,MoM-AR (feasible),101,-0.2666666666666666,0.155
0.3,27.77777777777778,MoM-AR (feasible),101,-0.1333333333333333,0.0
0.3,27.77777777777778,MoM-AR (feasible),101,0.0,0.0
0.3,27.77777777777778,MoM-AR (feasible),101,0.1333333333333333,0.0
0.3,27.77777777777778,MoM-AR (feasible),101,0.2666666666666666,0.174
0.3,27.77777777777778,MoM-AR (feasible),101,0.3999999999999999,0.9605
0.3,27.77777777777778,MoM-AR (feasible),101,0.5333333333333332,0.999
0.3,27.77777777777778,MoM-AR (feasible),101,0.6666666666666665,1.0
0.3,27.77777777777778,MoM-AR (feasible),101,0.7999999999999998,1.0
0.3,27.77777777777778,MoM-AR (feasible),101,0.9333333333333331,1.0
0.3,27.77777777777778,MoM-AR (feasible),101,1.0666666666666664,1.0
0.3,27.77777777777778,MoM-AR (feasible),101,1.2000000000000002,1.0
0.3,27.77777777777778,MoM-AR (feasible),101,1.3333333333333335,1.0
0.3,27.77777777777778,MoM-AR (feasible),101,1.4666666666666668,1.0
0.3,27.77777777777778,MoM-AR (feasible),101,1.6,1.0
0.3,27.77777777777778,MoM-AR (feasible),101,1.7333333333333334,1.0
0.3,27.77777777777778,MoM-AR (feasible),101,1.8666666666666667,1.0
0.3,27.77777777777778,MoM-AR (feasible),101,2.0,1.0
0.2,62.499999999999986,MoM-AR (oracle),1,-2.9999999999999996,0.998
0.2,62.499999999999986,MoM-AR (oracle),1,-2.7999999999999994,0.997
0.2,62.499999999999986,MoM-AR (oracle),1,-2.5999999999999996,0.9965
0.2,62.499999999999986,MoM-AR (oracle),1,-2.3999999999999995,0.9915
0.2,62.499999999999986,MoM-AR (oracle),1,-2.1999999999999997,0.984
0.2,62.499999999999986,MoM-AR (oracle),1,-1.9999999999999996,0.9705
0.2,62.499999999999986,MoM-AR (oracle),1,-1.7999999999999996,0.9475
0.2,62.499999999999986,MoM-AR (oracle),1,-1.5999999999999996,0.884
0.2,62.499999999999986,MoM-AR (oracle),1,-1.3999999999999997,0.7825
0.2,62.499999999999986,MoM-AR (oracle),1,-1.1999999999999997,0.567
0.2,62.499999999999986,MoM-AR (oracle),1,-0.9999999999999998,0.247
0.2,62.499999999999986,MoM-AR (oracle),1,-0.7999999999999998,0.037
0.2,62.499999999999986,MoM-AR (oracle),1,-0.5999999999999996,0.0005
0.2,62.499999999999986,MoM-AR (oracle),1,-0.3999999999999999,0.0
0.2,62.499999999999986,MoM-AR (oracle),1,-0.19999999999999973,0.0
0.2,62.499999999999986,MoM-AR (oracle),1,0.0,0.0
0.2,62.499999999999986,MoM-AR (oracle),1,0.20000000000000018,0.0
0.2,62.499999999999986,MoM-AR (oracle),1,0.40000000000000036,0.0
0.2,62.499999999999986,MoM-AR (oracle),1,0.6000000000000001,0.0
0.2,62.499999999999986,MoM-AR (oracle),1,0.8000000000000003,0.0385
0.2,62.499999999999986,MoM-AR (oracle),1,1.0,0.3565
0.2,62.499999999999986,MoM-AR (oracle),1,1.1999999999999997,0.73
0.2,62.499999999999986,MoM-AR (oracle),1,1.4,0.912
0.2,62.499999999999986,MoM-AR (oracle),1,1.6,0.9675
0.2,62.499999999999986,MoM-AR (oracle),1,1.8000000000000003,0.986
0.2,62.499999999999986,MoM-AR (oracle),1,2.0000000000000004,0.9955
0.2,62.499999999999986,MoM-AR (oracle),1,2.1999999999999997,0.9975
0.2,62.499999999999986,MoM-AR (oracle),1,2.4,0.998
0.2,62.499999999999986,MoM-AR (oracle),1,2.6,0.999
0.2,62.499999999999986,MoM-AR (oracle),1,2.8000000000000003,1.0
0.2,62.499999999999986,MoM-AR (oracle),1,2.9999999999999996,1.0
0.2,62.499999999999986,MoM-AR (oracle),5,-2.9999999999999996,0.9985
0.2,62.499999999999986,MoM-AR (oracle),5,-2.7999999999999994,0.998
0.2,62.499999999999986,MoM-AR (oracle),5,-2.5999999999999996,0.998
0.2,62.499999999999986,MoM-AR (oracle),5,-2.3999999999999995,0.9965
0.2,62.499999999999986,MoM-AR (oracle),5,-2.1999999999999997,0.993
0.2,62.499999999999986,MoM-AR (oracle),5,-1.9999999999999996,0.9855
0.2,62.499999999999986,MoM-AR (oracle),5,-1.7999999999999996,0.971
0.2,62.499999999999986,MoM-AR (oracle),5,-1.5999999999999996,0.9265
0.2,62.499999999999986,MoM-AR (oracle),5,-1.3999999999999997,0.814
0.2,62.499999999999986,MoM-AR (oracle),5,-1.1999999999999997,0.5815
0.2,62.499999999999986,MoM-AR (oracle),5,-0.9999999999999998,0.2145
0.2,62.499999999999986,MoM-AR (oracle),5,-0.7999999999999998,0.02
0.2,62.499999999999986,MoM-AR (oracle),5,-0.5999999999999996,0.0
0.2,62.499999999999986,MoM-AR (oracle),5,-0.3999999999999999,0.0
0.2,62.499999999999986,MoM-AR (oracle),5,-0.19999999999999973,0.0
0.2,62.499999999999986,MoM-AR (oracle),5,0.0,0.0
0.2,62.499999999999986,MoM-AR (oracle),5,0.20000000000000018,0.0
0.2,62.499999999999986,MoM-AR (oracle),5,0.40000000000000036,0.0
0.2,62.499999999999986,MoM-AR (oracle),5,0.6000000000000001,0.0
0.2,62.499999999999986,MoM-AR (oracle),5,0.8000000000000003,0.0215
0.2,62.499999999999986,MoM-AR (oracle),5,1.0,0.344
0.2,62.499999999999986,MoM-AR (oracle),5,1.1999999999999997,0.7675
0.2,62.499999999999986,MoM-AR (oracle),5,1.4,0.94
0.2,62.499999999999986,MoM-AR (oracle),5,1.6,0.9815
0.2,62.499999999999986,MoM-AR (oracle),5,1.8000000000000003,0.996
0.2,62.499999999999986,MoM-AR (oracle),5,2.0000000000000004,0.998
0.2,62.499999999999986,MoM-AR (oracle),5,2.1999999999999997,0.999
0.2,62.499999999999986,MoM-AR (oracle),5,2.4,0.9995
0.2,62.499999999999986,MoM-AR (oracle),5,2.6,1.0
0.2,62.499999999999986,MoM-AR (oracle),5,2.8000000000000003,1.0
0.2,62.499999999999986,MoM-AR (oracle),5,2.9999999999999996,1.0
0.2,62.499999999999986,MoM-AR (oracle),25,-2.9999999999999996,0.9995
0.2,62.499999999999986,MoM-AR (oracle),25,-2.7999999999999994,0.999
0.2,62.499999999999986,MoM-AR (oracle),25,-2.5999999999999996,0.998
0.2,62.499999999999986,MoM-AR (oracle),25,-2.3999999999999995,0.997
0.2,62.499999999999986,MoM-AR (oracle),25,-2.1999999999999997,0.9945
0.2,62.499999999999986,MoM-AR (oracle),25,-1.9999999999999996,0.9905
0.2,62.499999999999986,MoM-AR (oracle),25,-1.7999999999999996,0.9795
0.2,62.499999999999986,MoM-AR (oracle),25,-1.5999999999999996,0.9345
0.2,62.499999999999986,MoM-AR (oracle),25,-1.3999999999999997,0.824
0.2,62.499999999999986,MoM-AR (oracle),25,-1.1999999999999997,0.571
0.2,62.499999999999986,MoM-AR (oracle),25,-0.9999999999999998,0.2045
0.2,62.499999999999986,MoM-AR (oracle),25,-0.7999999999999998,0.0135
0.2,62.499999999999986,MoM-AR (oracle),25,-0.5999999999999996,0.0
0.2,62.499999999999986,MoM-AR (oracle),25,-0.3999999999999999,0.0
0.2,62.499999999999986,MoM-AR (oracle),25,-0.19999999999999973,0.0
0.2,62.499999999999986,MoM-AR (oracle),25,0.0,0.0
0.2,62.499999999999986,MoM-AR (oracle),25,0.20000000000000018,0.0
0.2,62.499999999999986,MoM-AR (oracle),25,0.40000000000000036,0.0
0.2,62.499999999999986,MoM-AR (oracle),25,0.6000000000000001,0.0
0.2,62.499999999999986,MoM-AR (oracle),25,0.8000000000000003,0.0165
0.2,62.499999999999986,MoM-AR (oracle),25,1.0,0.342
0.2,62.499999999999986,MoM-AR (oracle),25,1.1999999999999997,0.7795
0.2,62.499999999999986,MoM-AR (oracle),25,1.4,0.9495
0.2,62.499999999999986,MoM-AR (oracle),25,1.6,0.991
0.2,62.499999999999986,MoM-AR (oracle),25,1.8000000000000003,0.9965
0.2,62.499999999999986,MoM-AR (oracle),25,2.0000000000000004,0.998
0.2,62.499999999999986,MoM-AR (oracle),25,2.1999999999999997,0.999
0.2,62.499999999999986,MoM-AR (oracle),25,2.4,0.9995
0.2,62.499999999999986,MoM-AR (oracle),25,2.6,1.0
0.2,62.499999999999986,MoM-AR (oracle),25,2.8000000000000003,1.0
0.2,62.499999999999986,MoM-AR (oracle),25,2.9999999999999996,1.0
0.2,62.499999999999986,MoM-AR (oracle),101,-2.9999999999999996,1.0
0.2,62.499999999999986,MoM-AR (oracle),101,-2.7999999999999994,0.9995
0.2,62.499999999999986,MoM-AR (oracle),101,-2.5999999999999996,0.9975
0.2,62.499999999999986,MoM-AR (oracle),101,-2.3999999999999995,0.9965
0.2,62.499999999999986,MoM-AR (oracle),101,-2.1999999999999997,0.9945
0.2,62.499999999999986,MoM-AR (oracle),101,-1.9999999999999996,0.9925
0.2,62.499999999999986,MoM-AR (oracle),101,-1.7999999999999996,0.98
0.2,62.499999999999986,MoM-AR (oracle),101,-1.5999999999999996,0.9385
0.2,62.499999999999986,MoM-AR (oracle),101,-1.3999999999999997,0.8275
0.2,62.499999999999986,MoM-AR (oracle),101,-1.1999999999999997,0.569
0.2,62.499999999999986,MoM-AR (oracle),101,-0.9999999999999998,0.208
0.2,62.499999999999986,MoM-AR (oracle),101,-0.7999999999999998,0.014
0.2,62.499999999999986,MoM-AR (oracle),101,-0.5999999999999996,0.0
0.2,62.499999999999986,MoM-AR (oracle),101,-0.3999999999999999,0.0
0.2,62.499999999999986,MoM-AR (oracle),101,-0.19999999999999973,0.0
0.2,62.499999999999986,MoM-AR (oracle),101,0.0,0.0
0.2,62.499999999999986,MoM-AR (oracle),101,0.20000000000000018,0.0
0.2,62.499999999999986,MoM-AR (oracle),101,0.40000000000000036,0.0
0.2,62.499999999999986,MoM-AR (oracle),101,0.6000000000000001,0.0
0.2,62.499999999999986,MoM-AR (oracle),101,0.8000000000000003,0.013
0.2,62.499999999999986,MoM-AR (oracle),101,1.0,0.3425
0.2,62.499999999999986,MoM-AR (oracle),101,1.1999999999999997,0.778
0.2,62.499999999999986,MoM-AR (oracle),101,1.4,0.954
0.2,62.499999999999986,MoM-AR (oracle),101,1.6,0.9905
0.2,62.499999999999986,MoM-AR (oracle),101,1.8000000000000003,0.997
0.2,62.499999999999986,MoM-AR (oracle),101,2.0000000000000004,0.999
0.2,62.499999999999986,MoM-AR (oracle),101,2.1999999999999997,0.9995
0.2,62.499999999999986,MoM-AR (oracle),101,2.4,1.0
0.2,62.499999999999986,MoM-AR (oracle),101,2.6,1.0
0.2,62.499999999999986,MoM-AR (oracle),101,2.8000000000000003,1.0
0.2,62.499999999999986,MoM-AR (oracle),101,2.9999999999999996,1.0
0.2,62.499999999999986,MoM-AR (feasible),1,-2.9999999999999996,1.0
0.2,62.499999999999986,MoM-AR (feasible),1,-2.7999999999999994,1.0
0.2,62.499999999999986,MoM-AR (feasible),1,-2.5999999999999996,1.0
0.2,62.499999999999986,MoM-AR (feasible),1,-2.3999999999999995,1.0
0.2,62.499999999999986,MoM-AR (feasible),1,-2.1999999999999997,1.0
0.2,62.499999999999986,MoM-AR (feasible),1,-1.9999999999999996,1.0
0.2,62.499999999999986,MoM-AR (feasible),1,-1.7999999999999996,0.9995
0.2,62.499999999999986,MoM-AR (feasible),1,-1.5999999999999996,0.995
0.2,62.499999999999986,MoM-AR (feasible),1,-1.3999999999999997,0.9905
0.2,62.499999999999986,MoM-AR (feasible),1,-1.1999999999999997,0.9835
0.2,62.499999999999986,MoM-AR (feasible),1,-0.9999999999999998,0.9645
0.2,62.499999999999986,MoM-AR (feasible),1,-0.7999999999999998,0.8905
0.2,62.499999999999986,MoM-AR (feasible),1,-0.5999999999999996,0.695
0.2,62.499999999999986,MoM-AR (feasible),1,-0.3999999999999999,0.295
0.2,62.499999999999986,MoM-AR (feasible),1,-0.19999999999999973,0.0155
0.2,62.499999999999986,MoM-AR (feasible),1,0.0,0.0
0.2,62.499999999999986,MoM-AR (feasible),1,0.20000000000000018,0.0175
0.2,62.499999999999986,MoM-AR (feasible),1,0.40000000000000036,0.3695
0.2,62.499999999999986,MoM-AR (feasible),1,0.6000000000000001,0.8145
0.2,62.499999999999986,MoM-AR (feasible),1,0.8000000000000003,0.9625
0.2,62.499999999999986,MoM-AR (feasible),1,1.0,0.9925
0.2,62.499999999999986,MoM-AR (feasible),1,1.1999999999999997,0.9985
0.2,62.499999999999986,MoM-AR (feasible),1,1.4,0.9995
0.2,62.499999999999986,MoM-AR (feasible),1,1.6,1.0
0.2,62.499999999999986,MoM-AR (feasible),1,1.8000000000000003,1.0
0.2,62.499999999999986,MoM-AR (feasible),1,2.0000000000000004,1.0
0.2,62.499999999999986,MoM-AR (feasible),1,2.1999999999999997,1.0
0.2,62.499999999999986,MoM-AR (feasible),1,2.4,1.0
0.2,62.499999999999986,MoM-AR (feasible),1,2.6,1.0
0.2,62.499999999999986,MoM-AR (feasible),1,2.8000000000000003,1.0
0.2,62.499999999999986,MoM-AR (feasible),1,2.9999999999999996,1.0
0.2,62.499999999999986,MoM-AR (feasible),5,-2.9999999999999996,1.0
0.2,62.499999999999986,MoM-AR (feasible),5,-2.7999999999999994,1.0
0.2,62.499999999999986,MoM-AR (feasible),5,-2.5999999999999996,1.0
0.2,62.499999999999986,MoM-AR (feasible),5,-2.3999999999999995,1.0
0.2,62.499999999999986,MoM-AR (feasible),5,-2.1999999999999997,1.0
0.2,62.499999999999986,MoM-AR (feasible),5,-1.9999999999999996,1.0
0.2,62.499999999999986,MoM-AR (feasible),5,-1.7999999999999996,1.0
0.2,62.499999999999986,MoM-AR (feasible),5,-1.5999999999999996,0.9995
0.2,62.499999999999986,MoM-AR (feasible),5,-1.3999999999999997,0.998
0.2,62.499999999999986,MoM-AR (feasible),5,-1.1999999999999997,0.9955
0.2,62.499999999999986,MoM-AR (feasible),5,-0.9999999999999998,0.9875
0.2,62.499999999999986,MoM-AR (feasible),5,-0.7999999999999998,0.9385
0.2,62.499999999999986,MoM-AR (feasible),5,-0.5999999999999996,0.743
0.2,62.499999999999986,MoM-AR (feasible),5,-0.3999999999999999,0.2425
0.2,62.499999999999986,MoM-AR (feasible),5,-0.19999999999999973,0.001
0.2,62.499999999999986,MoM-AR (feasible),5,0.0,0.0
0.2,62.499999999999986,MoM-AR (feasible),5,0.20000000000000018,0.0005
0.2,62.499999999999986,MoM-AR (feasible),5,0.40000000000000036,0.32
0.2,62.499999999999986,MoM-AR (feasible),5,0.6000000000000001,0.8985
0.2,62.499999999999986,MoM-AR (feasible),5,0.8000000000000003,0.9905
0.2,62.499999999999986,MoM-AR (feasible),5,1.0,0.9985
0.2,62.499999999999986,MoM-AR (feasible),5,1.1999999999999997,0.9995
0.2,62.499999999999986,MoM-AR (feasible),5,1.4,1.0
0.2,62.499999999999986,MoM-AR (feasible),5,1.6,1.0
0.2,62.499999999999986,MoM-AR (feasible),5,1.8000000000000003,1.0
0.2,62.499999999999986,MoM-AR (feasible),5,2.0000000000000004,1.0
0.2,62.499999999999986,MoM-AR (feasible),5,2.1999999999999997,1.0
0.2,62.499999999999986,MoM-AR (feasible),5,2.4,1.0
0.2,62.499999999999986,MoM-AR (feasible),5,2.6,1.0
0.2,62.499999999999986,MoM-AR (feasible),5,2.8000000000000003,1.0
0.2,62.499999999999986,MoM-AR (feasible),5,2.9999999999999996,1.0
0.2,62.499999999999986,MoM-AR (feasible),25,-2.9999999999999996,1.0
0.2,62.499999999999986,MoM-AR (feasible),25,-2.7999999999999994,1.0
0.2,62.499999999999986,MoM-AR (feasible),25,-2.5999999999999996,1.0
0.2,62.499999999999986,MoM-AR (feasible),25,-2.3999999999999995,1.0
0.2,62.499999999999986,MoM-AR (feasible),25,-2.1999999999999997,1.0
0.2,62.499999999999986,MoM-AR (feasible),25,-1.9999999999999996,1.0
0.2,62.499999999999986,MoM-AR (feasible),25,-1.7999999999999996,1.0
0.2,62.499999999999986,MoM-AR (feasible),25,-1.5999999999999996,0.9995
0.2,62.499999999999986,MoM-AR (feasible),25,-1.3999999999999997,0.999
0.2,62.499999999999986,MoM-AR (feasible),25,-1.1999999999999997,0.997
0.2,62.499999999999986,MoM-AR (feasible),25,-0.9999999999999998,0.991
0.2,62.499999999999986,MoM-AR (feasible),25,-0.7999999999999998,0.961
0.2,62.499999999999986,MoM-AR (feasible),25,-0.5999999999999996,0.767
0.2,62.499999999999986,MoM-AR (feasible),25,-0.3999999999999999,0.203
0.2,62.499999999999986,MoM-AR (feasible),25,-0.19999999999999973,0.0
0.2,62.499999999999986,MoM-AR (feasible),25,0.0,0.0
0.2,62.499999999999986,MoM-AR (feasible),25,0.20000000000000018,0.0
0.2,62.499999999999986,MoM-AR (feasible),25,0.40000000000000036,0.265
0.2,62.499999999999986,MoM-AR (feasible),25,0.6000000000000001,0.9305
0.2,62.499999999999986,MoM-AR (feasible),25,0.8000000000000003,0.9975
0.2,62.499999999999986,MoM-AR (feasible),25,1.0,0.9995
0.2,62.499999999999986,MoM-AR (feasible),25,1.1999999999999997,1.0
0.2,62.499999999999986,MoM-AR (feasible),25,1.4,1.0
0.2,62.499999999999986,MoM-AR (feasible),25,1.6,1.0
0.2,62.499999999999986,MoM-AR (feasible),25,1.8000000000000003,1.0
0.2,62.499999999999986,MoM-AR (feasible),25,2.0000000000000004,1.0
0.2,62.499999999999986,MoM-AR (feasible),25,2.1999999999999997,1.0
0.2,62.499999999999986,MoM-AR (feasible),25,2.4,1.0
0.2,62.499999999999986,MoM-AR (feasible),25,2.6,1.0
0.2,62.499999999999986,MoM-AR (feasible),25,2.8000000000000003,1.0
0.2,62.499999999999986,MoM-AR (feasible),25,2.9999999999999996,1.0
0.2,62.499999999999986,MoM-AR (feasible),101,-2.9999999999999996,1.0
0.2,62.499999999999986,MoM-AR (feasible),101,-2.7999999999999994,1.0
0.2,62.499999999999986,MoM-AR (feasible),101,-2.5999999999999996,1.0
0.2,62.499999999999986,MoM-AR (feasible),101,-2.3999999999999995,1.0
0.2,62.499999999999986,MoM-AR (feasible),101,-2.1999999999999997,1.0
0.2,62.499999999999986,MoM-AR (feasible),101,-1.9999999999999996,1.0
0.2,62.499999999999986,MoM-AR (feasible),101,-1.7999999999999996,1.0
0.2,62.499999999999986,MoM-AR (feasible),101,-1.5999999999999996,1.0
0.2,62.499999999999986,MoM-AR (feasible),101,-1.3999999999999997,0.998
0.2,62.499999999999986,MoM-AR (feasible),101,-1.1999999999999997,0.9965
0.2,62.499999999999986,MoM-AR (feasible),101,-0.9999999999999998,0.993
0.2,62.499999999999986,MoM-AR (feasible),101,-0.7999999999999998,0.9595
0.2,62.499999999999986,MoM-AR (feasible),101,-0.5999999999999996,0.7735
0.2,62.499999999999986,MoM-AR (feasible),101,-0.3999999999999999,0.1965
0.2,62.499999999999986,MoM-AR (feasible),101,-0.19999999999999973,0.0
0.2,62.499999999999986,MoM-AR (feasible),101,0.0,0.0
0.2,62.499999999999986,MoM-AR (feasible),101,0.20000000000000018,0.0
0.2,62.499999999999986,MoM-AR (feasible),101,0.40000000000000036,0.261
0.2,62.499999999999986,MoM-AR (feasible),101,0.6000000000000001,0.94
0.2,62.499999999999986,MoM-AR (feasible),101,0.8000000000000003,0.997
0.2,62.499999999999986,MoM-AR (feasible),101,1.0,0.9995
0.2,62.499999999999986,MoM-AR (feasible),101,1.1999999999999997,1.0
0.2,62.499999999999986,MoM-AR (feasible),101,1.4,1.0
0.2,62.499999999999986,MoM-AR (feasible),101,1.6,1.0
0.2,62.499999999999986,MoM-AR (feasible),101,1.8000000000000003,1.0
0.2,62.499999999999986,MoM-AR (feasible),101,2.0000000000000004,1.0
0.2,62.499999999999986,MoM-AR (feasible),101,2.1999999999999997,1.0
0.2,62.499999999999986,MoM-AR (feasible),101,2.4,1.0
0.2,62.499999999999986,MoM-AR (feasible),101,2.6,1.0
0.2,62.499999999999986,MoM-AR (feasible),101,2.8000000000000003,1.0
0.2,62.499999999999986,MoM-AR (feasible),101,2.9999999999999996,1.0
0.1,249.99999999999994,MoM-AR (oracle),1,-5.999999999999999,0.9085
0.1,249.99999999999994,MoM-AR (oracle),1,-5.599999999999999,0.8965
0.1,249.99999999999994,MoM-AR (oracle),1,-5.199999999999999,0.8795
0.1,249.99999999999994,MoM-AR (oracle),1,-4.799999999999999,0.8675
0.1,249.99999999999994,MoM-AR (oracle),1,-4.3999999999999995,0.8425
0.1,249.99999999999994,MoM-AR (oracle),1,-3.999999999999999,0.813
0.1,249.99999999999994,MoM-AR (oracle),1,-3.599999999999999,0.7725
0.1,249.99999999999994,MoM-AR (oracle),1,-3.1999999999999993,0.704
0.1,249.99999999999994,MoM-AR (oracle),1,-2.7999999999999994,0.603
0.1,249.99999999999994,MoM-AR (oracle),1,-2.3999999999999995,0.495
0.1,249.99999999999994,MoM-AR (oracle),1,-1.9999999999999996,0.326
0.1,249.99999999999994,MoM-AR (oracle),1,-1.5999999999999996,0.147
0.1,249.99999999999994,MoM-AR (oracle),1,-1.1999999999999993,0.022
0.1,249.99999999999994,MoM-AR (oracle),1,-0.7999999999999998,0.0
0.1,249.99999999999994,MoM-AR (oracle),1,-0.39999999999999947,0.0
0.1,249.99999999999994,MoM-AR (oracle),1,0.0,0.0
0.1,249.99999999999994,MoM-AR (oracle),1,0.40000000000000036,0.0
0.1,249.99999999999994,MoM-AR (oracle),1,0.8000000000000007,0.0
0.1,249.99999999999994,MoM-AR (oracle),1,1.2000000000000002,0.0275
0.1,249.99999999999994,MoM-AR (oracle),1,1.6000000000000005,0.228
0.1,249.99999999999994,MoM-AR (oracle),1,2.0,0.464
0.1,249.99999999999994,MoM-AR (oracle),1,2.3999999999999995,0.656
0.1,249.99999999999994,MoM-AR (oracle),1,2.8,0.7705
0.1,249.99999999999994,MoM-AR (oracle),1,3.2,0.8425
0.1,249.99999999999994,MoM-AR (oracle),1,3.6000000000000005,0.88
0.1,249.99999999999994,MoM-AR (oracle),1,4.000000000000001,0.905
0.1,249.99999999999994,MoM-AR (oracle),1,4.3999999999999995,0.9235
0.1,249.99999999999994,MoM-AR (oracle),1,4.8,0.94
0.1,249.99999999999994,MoM-AR (oracle),1,5.2,0.952
0.1,249.99999999999994,MoM-AR (oracle),1,5.6000000000000005,0.956
0.1,249.99999999999994,MoM-AR (oracle),1,5.999999999999999,0.9625
0.1,249.99999999999994,MoM-AR (oracle),5,-5.999999999999999,0.9395
0.1,249.99999999999994,MoM-AR (oracle),5,-5.599999999999999,0.93
0.1,249.99999999999994,MoM-AR (oracle),5,-5.199999999999999,0.916
0.1,249.99999999999994,MoM-AR (oracle),5,-4.799999999999999,0.9005
0.1,249.99999999999994,MoM-AR (oracle),5,-4.3999999999999995,0.872
0.1,249.99999999999994,MoM-AR (oracle),5,-3.999999999999999,0.841
0.1,249.99999999999994,MoM-AR (oracle),5,-3.599999999999999,0.799
0.1,249.99999999999994,MoM-AR (oracle),5,-3.1999999999999993,0.7235
0.1,249.99999999999994,MoM-AR (oracle),5,-2.7999999999999994,0.6235
0.1,249.99999999999994,MoM-AR (oracle),5,-2.3999999999999995,0.4895
0.1,249.99999999999994,MoM-AR (oracle),5,-1.9999999999999996,0.2925
0.1,249.99999999999994,MoM-AR (oracle),5,-1.5999999999999996,0.1105
0.1,249.99999999999994,MoM-AR (oracle),5,-1.1999999999999993,0.012
0.1,249.99999999999994,MoM-AR (oracle),5,-0.7999999999999998,0.0
0.1,249.99999999999994,MoM-AR (oracle),5,-0.39999999999999947,0.0
0.1,249.99999999999994,MoM-AR (oracle),5,0.0,0.0
0.1,249.99999999999994,MoM-AR (oracle),5,0.40000000000000036,0.0
0.1,249.99999999999994,MoM-AR (oracle),5,0.8000000000000007,0.0
0.1,249.99999999999994,MoM-AR (oracle),5,1.2000000000000002,0.01
0.1,249.99999999999994,MoM-AR (oracle),5,1.6000000000000005,0.182
0.1,249.99999999999994,MoM-AR (oracle),5,2.0,0.466
0.1,249.99999999999994,MoM-AR (oracle),5,2.3999999999999995,0.676
0.1,249.99999999999994,MoM-AR (oracle),5,2.8,0.7945
0.1,249.99999999999994,MoM-AR (oracle),5,3.2,0.864
0.1,249.99999999999994,MoM-AR (oracle),5,3.6000000000000005,0.9045
0.1,249.99999999999994,MoM-AR (oracle),5,4.000000000000001,0.934
0.1,249.99999999999994,MoM-AR (oracle),5,4.3999999999999995,0.9465
0.1,249.99999999999994,MoM-AR (oracle),5,4.8,0.956
0.1,249.99999999999994,MoM-AR (oracle),5,5.2,0.967
0.1,249.99999999999994,MoM-AR (oracle),5,5.6000000000000005,0.9715
0.1,249.99999999999994,MoM-AR (oracle),5,5.999999999999999,0.9765
0.1,249.99999999999994,MoM-AR (oracle),25,-5.999999999999999,0.945
0.1,249.99999999999994,MoM-AR (oracle),25,-5.599999999999999,0.9375
0.1,249.99999999999994,MoM-AR (oracle),25,-5.199999999999999,0.928
0.1,249.99999999999994,MoM-AR (oracle),25,-4.799999999999999,0.914
0.1,249.99999999999994,MoM-AR (oracle),25,-4.3999999999999995,0.888
0.1,249.99999999999994,MoM-AR (oracle),25,-3.999999999999999,0.854
0.1,249.99999999999994,MoM-AR (oracle),25,-3.599999999999999,0.8055
0.1,249.99999999999994,MoM-AR (oracle),25,-3.1999999999999993,0.7345
0.1,249.99999999999994,MoM-AR (oracle),25,-2.7999999999999994,0.6295
0.1,249.99999999999994,MoM-AR (oracle),25,-2.3999999999999995,0.491
0.1,249.99999999999994,MoM-AR (oracle),25,-1.9999999999999996,0.29
0.1,249.99999999999994,MoM-AR (oracle),25,-1.5999999999999996,0.0945
0.1,249.99999999999994,MoM-AR (oracle),25,-1.1999999999999993,0.007
0.1,249.99999999999994,MoM-AR (oracle),25,-0.7999999999999998,0.0
0.1,249.99999999999994,MoM-AR (oracle),25,-0.39999999999999947,0.0
0.1,249.99999999999994,MoM-AR (oracle),25,0.0,0.0
0.1,249.99999999999994,MoM-AR (oracle),25,0.40000000000000036,0.0
0.1,249.99999999999994,MoM-AR (oracle),25,0.8000000000000007,0.0
0.1,249.99999999999994,MoM-AR (oracle),25,1.2000000000000002,0.008
0.1,249.99999999999994,MoM-AR (oracle),25,1.6000000000000005,0.1645
0.1,249.99999999999994,MoM-AR (oracle),25,2.0,0.4555
0.1,249.99999999999994,MoM-AR (oracle),25,2.3999999999999995,0.6865
0.1,249.99999999999994,MoM-AR (oracle),25,2.8,0.805
0.1,249.99999999999994,MoM-AR (oracle),25,3.2,0.881
0.1,249.99999999999994,MoM-AR (oracle),25,3.6000000000000005,0.925
0.1,249.99999999999994,MoM-AR (oracle),25,4.000000000000001,0.9435
0.1,249.99999999999994,MoM-AR (oracle),25,4.3999999999999995,0.9555
0.1,249.99999999999994,MoM-AR (oracle),25,4.8,0.9655
0.1,249.99999999999994,MoM-AR (oracle),25,5.2,0.9695
0.1,249.99999999999994,MoM-AR (oracle),25,5.6000000000000005,0.9765
0.1,249.99999999999994,MoM-AR (oracle),25,5.999999999999999,0.978
0.1,249.99999999999994,MoM-AR (oracle),101,-5.999999999999999,0.9435
0.1,249.99999999999994,MoM-AR (oracle),101,-5.599999999999999,0.937
0.1,249.99999999999994,MoM-AR (oracle),101,-5.199999999999999,0.9285
0.1,249.99999999999994,MoM-AR (oracle),101,-4.799999999999999,0.912
0.1,249.99999999999994,MoM-AR (oracle),101,-4.3999999999999995,0.887
0.1,249.99999999999994,MoM-AR (oracle),101,-3.999999999999999,0.859
0.1,249.99999999999994,MoM-AR (oracle),101,-3.599999999999999,0.805
0.1,249.99999999999994,MoM-AR (oracle),101,-3.1999999999999993,0.733
0.1,249.99999999999994,MoM-AR (oracle),101,-2.7999999999999994,0.6245
0.1,249.99999999999994,MoM-AR (oracle),101,-2.3999999999999995,0.489
0.1,249.99999999999994,MoM-AR (oracle),101,-1.9999999999999996,0.292
0.1,249.99999999999994,MoM-AR (oracle),101,-1.5999999999999996,0.0905
0.1,249.99999999999994,MoM-AR (oracle),101,-1.1999999999999993,0.006
0.1,249.99999999999994,MoM-AR (oracle),101,-0.7999999999999998,0.0
0.1,249.99999999999994,MoM-AR (oracle),101,-0.39999999999999947,0.0
0.1,249.99999999999994,MoM-AR (oracle),101,0.0,0.0
0.1,249.99999999999994,MoM-AR (oracle),101,0.40000000000000036,0.0
0.1,249.99999999999994,MoM-AR (oracle),101,0.8000000000000007,0.0
0.1,249.99999999999994,MoM-AR (oracle),101,1.2000000000000002,0.01
0.1,249.99999999999994,MoM-AR (oracle),101,1.6000000000000005,0.1635
0.1,249.99999999999994,MoM-AR (oracle),101,2.0,0.456
0.1,249.99999999999994,MoM-AR (oracle),101,2.3999999999999995,0.683
0.1,249.99999999999994,MoM-AR (oracle),101,2.8,0.8075
0.1,249.99999999999994,MoM-AR (oracle),101,3.2,0.884
0.1,249.99999999999994,MoM-AR (oracle),101,3.6000000000000005,0.925
0.1,249.99999999999994,MoM-AR (oracle),101,4.000000000000001,0.9425
0.1,249.99999999999994,MoM-AR (oracle),101,4.3999999999999995,0.9585
0.1,249.99999999999994,MoM-AR (oracle),101,4.8,0.966
0.1,249.99999999999994,MoM-AR (oracle),101,5.2,0.971
0.1,249.99999999999994,MoM-AR (oracle),101,5.6000000000000005,0.9765
0.1,249.99999999999994,MoM-AR (oracle),101,5.999999999999999,0.9815
0.1,249.99999999999994,MoM-AR (feasible),1,-5.999999999999999,0.9735
0.1,249.99999999999994,MoM-AR (feasible),1,-5.599999999999999,0.972
0.1,249.99999999999994,MoM-AR (feasible),1,-5.199999999999999,0.966
0.1,249.99999999999994,MoM-AR (feasible),1,-4.799999999999999,0.964
0.1,249.99999999999994,MoM-AR (feasible),1,-4.3999999999999995,0.9585
0.1,249.99999999999994,MoM-AR (feasible),1,-3.999999999999999,0.9535
0.1,249.99999999999994,MoM-AR (feasible),1,-3.599999999999999,0.947
0.1,249.99999999999994,MoM-AR (feasible),1,-3.1999999999999993,0.9365
0.1,249.99999999999994,MoM-AR (feasible),1,-2.7999999999999994,0.9165
0.1,249.99999999999994,MoM-AR (feasible),1,-2.3999999999999995,0.896
0.1,249.99999999999994,MoM-AR (feasible),1,-1.9999999999999996,0.853
0.1,249.99999999999994,MoM-AR (feasible),1,-1.5999999999999996,0.775
0.1,249.99999999999994,MoM-AR (feasible),1,-1.1999999999999993,0.5985
0.1,249.99999999999994,MoM-AR (feasible),1,-0.7999999999999998,0.3365
0.1,249.99999999999994,MoM-AR (feasible),1,-0.39999999999999947,0.046
0.1,249.99999999999994,MoM-AR (feasible),1,0.0,0.0
0.1,249.99999999999994,MoM-AR (feasible),1,0.40000000000000036,0.045
0.1,249.99999999999994,MoM-AR (feasible),1,0.8000000000000007,0.4445
0.1,249.99999999999994,MoM-AR (feasible),1,1.2000000000000002,0.7655
0.1,249.99999999999994,MoM-AR (feasible),1,1.6000000000000005,0.8795
0.1,249.99999999999994,MoM-AR (feasible),1,2.0,0.9295
0.1,249.99999999999994,MoM-AR (feasible),1,2.3999999999999995,0.9575
0.1,249.99999999999994,MoM-AR (feasible),1,2.8,0.968
0.1,249.99999999999994,MoM-AR (feasible),1,3.2,0.975
0.1,249.99999999999994,MoM-AR (feasible),1,3.6000000000000005,0.9785
0.1,249.99999999999994,MoM-AR (feasible),1,4.000000000000001,0.985
0.1,249.99999999999994,MoM-AR (feasible),1,4.3999999999999995,0.9865
0.1,249.99999999999994,MoM-AR (feasible),1,4.8,0.987
0.1,249.99999999999994,MoM-AR (feasible),1,5.2,0.989
0.1,249.99999999999994,MoM-AR (feasible),1,5.6000000000000005,0.9895
0.1,249.99999999999994,MoM-AR (feasible),1,5.999999999999999,0.9915
0.1,249.99999999999994,MoM-AR (feasible),5,-5.999999999999999,0.992
0.1,249.99999999999994,MoM-AR (feasible),5,-5.599999999999999,0.9905
0.1,249.99999999999994,MoM-AR (feasible),5,-5.199999999999999,0.987
0.1,249.99999999999994,MoM-AR (feasible),5,-4.799999999999999,0.9855
0.1,249.99999999999994,MoM-AR (feasible),5,-4.3999999999999995,0.9815
0.1,249.99999999999994,MoM-AR (feasible),5,-3.999999999999999,0.9745
0.1,249.99999999999994,MoM-AR (feasible),5,-3.599999999999999,0.968
0.1,249.99999999999994,MoM-AR (feasible),5,-3.1999999999999993,0.9605
0.1,249.99999999999994,MoM-AR (feasible),5,-2.7999999999999994,0.947
0.1,249.99999999999994,MoM-AR (feasible),5,-2.3999999999999995,0.924
0.1,249.99999999999994,MoM-AR (feasible),5,-1.9999999999999996,0.8845
0.1,249.99999999999994,MoM-AR (feasible),5,-1.5999999999999996,0.806
0.1,249.99999999999994,MoM-AR (feasible),5,-1.1999999999999993,0.635
0.1,249.99999999999994,MoM-AR (feasible),5,-0.7999999999999998,0.2885
0.1,249.99999999999994,MoM-AR (feasible),5,-0.39999999999999947,0.0075
0.1,249.99999999999994,MoM-AR (feasible),5,0.0,0.0
0.1,249.99999999999994,MoM-AR (feasible),5,0.40000000000000036,0.0045
0.1,249.99999999999994,MoM-AR (feasible),5,0.8000000000000007,0.426
0.1,249.99999999999994,MoM-AR (feasible),5,1.2000000000000002,0.8095
0.1,249.99999999999994,MoM-AR (feasible),5,1.6000000000000005,0.9165
0.1,249.99999999999994,MoM-AR (feasible),5,2.0,0.9555
0.1,249.99999999999994,MoM-AR (feasible),5,2.3999999999999995,0.9735
0.1,249.99999999999994,MoM-AR (feasible),5,2.8,0.982
0.1,249.99999999999994,MoM-AR (feasible),5,3.2,0.9855
0.1,249.99999999999994,MoM-AR (feasible),5,3.6000000000000005,0.991
0.1,249.99999999999994,MoM-AR (feasible),5,4.000000000000001,0.9945
0.1,249.99999999999994,MoM-AR (feasible),5,4.3999999999999995,0.9965
0.1,249.99999999999994,MoM-AR (feasible),5,4.8,0.9965
0.1,249.99999999999994,MoM-AR (feasible),5,5.2,0.9975
0.1,249.99999999999994,MoM-AR (feasible),5,5.6000000000000005,0.9985
0.1,249.99999999999994,MoM-AR (feasible),5,5.999999999999999,0.999
0.1,249.99999999999994,MoM-AR (feasible),25,-5.999999999999999,0.995
0.1,249.99999999999994,MoM-AR (feasible),25,-5.599999999999999,0.993
0.1,249.99999999999994,MoM-AR (feasible),25,-5.199999999999999,0.9915
0.1,249.99999999999994,MoM-AR (feasible),25,-4.799999999999999,0.9865
0.1,249.99999999999994,MoM-AR (feasible),25,-4.3999999999999995,0.985
0.1,249.99999999999994,MoM-AR (feasible),25,-3.999999999999999,0.98
0.1,249.99999999999994,MoM-AR (feasible),25,-3.599999999999999,0.9755
0.1,249.99999999999994,MoM-AR (feasible),25,-3.1999999999999993,0.967
0.1,249.99999999999994,MoM-AR (feasible),25,-2.7999999999999994,0.951
0.1,249.99999999999994,MoM-AR (feasible),25,-2.3999999999999995,0.935
0.1,249.99999999999994,MoM-AR (feasible),25,-1.9999999999999996,0.9015
0.1,249.99999999999994,MoM-AR (feasible),25,-1.5999999999999996,0.822
0.1,249.99999999999994,MoM-AR (feasible),25,-1.1999999999999993,0.6425
0.1,249.99999999999994,MoM-AR (feasible),25,-0.7999999999999998,0.2825
0.1,249.99999999999994,MoM-AR (feasible),25,-0.39999999999999947,0.005
0.1,249.99999999999994,MoM-AR (feasible),25,0.0,0.0
0.1,249.99999999999994,MoM-AR (feasible),25,0.40000000000000036,0.0005
0.1,249.99999999999994,MoM-AR (feasible),25,0.8000000000000007,0.424
0.1,249.99999999999994,MoM-AR (feasible),25,1.2000000000000002,0.8255
0.1,249.99999999999994,MoM-AR (feasible),25,1.6000000000000005,0.9345
0.1,249.99999999999994,MoM-AR (feasible),25,2.0,0.9655
0.1,249.99999999999994,MoM-AR (feasible),25,2.3999999999999995,0.98
0.1,249.99999999999994,MoM-AR (feasible),25,2.8,0.988
0.1,249.99999999999994,MoM-AR (feasible),25,3.2,0.9915
0.1,249.99999999999994,MoM-AR (feasible),25,3.6000000000000005,0.996
0.1,249.99999999999994,MoM-AR (feasible),25,4.000000000000001,0.9975
0.1,249.99999999999994,MoM-AR (feasible),25,4.3999999999999995,0.9985
0.1,249.99999999999994,MoM-AR (feasible),25,4.8,0.9985
0.1,249.99999999999994,MoM-AR (feasible),25,5.2,0.999
0.1,249.99999999999994,MoM-AR (feasible),25,5.6000000000000005,0.9995
0.1,249.99999999999994,MoM-AR (feasible),25,5.999999999999999,0.9995
0.1,249.99999999999994,MoM-AR (feasible),101,-5.999999999999999,0.998
0.1,249.99999999999994,MoM-AR (feasible),101,-5.599999999999999,0.9965
0.1,249.99999999999994,MoM-AR (feasible),101,-5.199999999999999,0.9915
0.1,249.99999999999994,MoM-AR (feasible),101,-4.799999999999999,0.986
0.1,249.99999999999994,MoM-AR (feasible),101,-4.3999999999999995,0.9835
0.1,249.99999999999994,MoM-AR (feasible),101,-3.999999999999999,0.9765
0.1,249.99999999999994,MoM-AR (feasible),101,-3.599999999999999,0.9715
0.1,249.99999999999994,MoM-AR (feasible),101,-3.1999999999999993,0.9645
0.1,249.99999999999994,MoM-AR (feasible),101,-2.7999999999999994,0.9525
0.1,249.99999999999994,MoM-AR (feasible),101,-2.3999999999999995,0.933
0.1,249.99999999999994,MoM-AR (feasible),101,-1.9999999999999996,0.9015
0.1,249.99999999999994,MoM-AR (feasible),101,-1.5999999999999996,0.828
0.1,249.99999999999994,MoM-AR (feasible),101,-1.1999999999999993,0.6385
0.1,249.99999999999994,MoM-AR (feasible),101,-0.7999999999999998,0.273
0.1,249.99999999999994,MoM-AR (feasible),101,-0.39999999999999947,0.0025
0.1,249.99999999999994,MoM-AR (feasible),101,0.0,0.0
0.1,249.99999999999994,MoM-AR (feasible),101,0.40000000000000036,0.0
0.1,249.99999999999994,MoM-AR (feasible),101,0.8000000000000007,0.4245
0.1,249.99999999999994,MoM-AR (feasible),101,1.2000000000000002,0.832
0.1,249.99999999999994,MoM-AR (feasible),101,1.6000000000000005,0.938
0.1,249.99999999999994,MoM-AR (feasible),101,2.0,0.969
0.1,249.99999999999994,MoM-AR (feasible),101,2.3999999999999995,0.9825
0.1,249.99999999999994,MoM-AR (feasible),101,2.8,0.9895
0.1,249.99999999999994,MoM-AR (feasible),101,3.2,0.9925
0.1,249.99999999999994,MoM-AR (feasible),101,3.6000000000000005,0.994
0.1,249.99999999999994,MoM-AR (feasible),101,4.000000000000001,0.9975
0.1,249.99999999999994,MoM-AR (feasible),101,4.3999999999999995,0.999
0.1,249.99999999999994,MoM-AR (feasible),101,4.8,0.9995
0.1,249.99999999999994,MoM-AR (feasible),101,5.2,0.9995
0.1,249.99999999999994,MoM-AR (feasible),101,5.6000000000000005,0.9995
0.1,249.99999999999994,MoM-AR (feasible),101,5.999999999999999,1.0
0.05,999.9999999999998,MoM-AR (oracle),1,-11.999999999999998,0.7655
0.05,999.9999999999998,MoM-AR (oracle),1,-11.199999999999998,0.749
0.05,999.9999999999998,MoM-AR (oracle),1,-10.399999999999999,0.7295
0.05,999.9999999999998,MoM-AR (oracle),1,-9.599999999999998,0.703
0.05,999.9999999999998,MoM-AR (oracle),1,-8.799999999999999,0.682
0.05,999.9999999999998,MoM-AR (oracle),1,-7.999999999999998,0.6485
0.05,999.9999999999998,MoM-AR (oracle),1,-7.199999999999998,0.62
0.05,999.9999999999998,MoM-AR (oracle),1,-6.399999999999999,0.5805
0.05,999.9999999999998,MoM-AR (oracle),1,-5.599999999999999,0.5245
0.05,999.9999999999998,MoM-AR (oracle),1,-4.799999999999999,0.4555
0.05,999.9999999999998,MoM-AR (oracle),1,-3.999999999999999,0.362
0.05,999.9999999999998,MoM-AR (oracle),1,-3.1999999999999993,0.2605
0.05,999.9999999999998,MoM-AR (oracle),1,-2.3999999999999986,0.1085
0.05,999.9999999999998,MoM-AR (oracle),1,-1.5999999999999996,0.0115
0.05,999.9999999999998,MoM-AR (oracle),1,-0.7999999999999989,0.0
0.05,999.9999999999998,MoM-AR (oracle),1,0.0,0.0
0.05,999.9999999999998,MoM-AR (oracle),1,0.8000000000000007,0.0
0.05,999.9999999999998,MoM-AR (oracle),1,1.6000000000000014,0.015
0.05,999.9999999999998,MoM-AR (oracle),1,2.4000000000000004,0.1815
0.05,999.9999999999998,MoM-AR (oracle),1,3.200000000000001,0.38
0.05,999.9999999999998,MoM-AR (oracle),1,4.0,0.5205
0.05,999.9999999999998,MoM-AR (oracle),1,4.799999999999999,0.605
0.05,999.9999999999998,MoM-AR (oracle),1,5.6,0.6685
0.05,999.9999999999998,MoM-AR (oracle),1,6.4,0.7095
0.05,999.9999999999998,MoM-AR (oracle),1,7.200000000000001,0.749
0.05,999.9999999999998,MoM-AR (oracle),1,8.000000000000002,0.781
0.05,999.9999999999998,MoM-AR (oracle),1,8.799999999999999,0.8045
0.05,999.9999999999998,MoM-AR (oracle),1,9.6,0.8235
0.05,999.9999999999998,MoM-AR (oracle),1,10.4,0.8385
0.05,999.9999999999998,MoM-AR (oracle),1,11.200000000000001,0.8515
0.05,999.9999999999998,MoM-AR (oracle),1,11.999999999999998,0.859
0.05,999.9999999999998,MoM-AR (oracle),5,-11.999999999999998,0.839
0.05,999.9999999999998,MoM-AR (oracle),5,-11.199999999999998,0.82
0.05,999.9999999999998,MoM-AR (oracle),5,-10.399999999999999,0.784
0.05,999.9999999999998,MoM-AR (oracle),5,-9.599999999999998,0.7505
0.05,999.9999999999998,MoM-AR (oracle),5,-8.799999999999999,0.719
0.05,999.9999999999998,MoM-AR (oracle),5,-7.999999999999998,0.6785
0.05,999.9999999999998,MoM-AR (oracle),5,-7.199999999999998,0.6365
0.05,999.9999999999998,MoM-AR (oracle),5,-6.399999999999999,0.5885
0.05,999.9999999999998,MoM-AR (oracle),5,-5.599999999999999,0.5225
0.05,999.9999999999998,MoM-AR (oracle),5,-4.799999999999999,0.449
0.05,999.9999999999998,MoM-AR (oracle),5,-3.999999999999999,0.3385
0.05,999.9999999999998,MoM-AR (oracle),5,-3.1999999999999993,0.206
0.05,999.9999999999998,MoM-AR (oracle),5,-2.3999999999999986,0.0785
0.05,999.9999999999998,MoM-AR (oracle),5,-1.5999999999999996,0.002
0.05,999.9999999999998,MoM-AR (oracle),5,-0.7999999999999989,0.0
0.05,999.9999999999998,MoM-AR (oracle),5,0.0,0.0
0.05,999.9999999999998,MoM-AR (oracle),5,0.8000000000000007,0.0
0.05,999.9999999999998,MoM-AR (oracle),5,1.6000000000000014,0.007
0.05,999.9999999999998,MoM-AR (oracle),5,2.4000000000000004,0.1385
0.05,999.9999999999998,MoM-AR (oracle),5,3.200000000000001,0.361
0.05,999.9999999999998,MoM-AR (oracle),5,4.0,0.524
0.05,999.9999999999998,MoM-AR (oracle),5,4.799999999999999,0.6305
0.05,999.9999999999998,MoM-AR (oracle),5,5.6,0.69
0.05,999.9999999999998,MoM-AR (oracle),5,6.4,0.7395
0.05,999.9999999999998,MoM-AR (oracle),5,7.200000000000001,0.7785
0.05,999.9999999999998,MoM-AR (oracle),5,8.000000000000002,0.8115
0.05,999.9999999999998,MoM-AR (oracle),5,8.799999999999999,0.834
0.05,999.9999999999998,MoM-AR (oracle),5,9.6,0.859
0.05,999.9999999999998,MoM-AR (oracle),5,10.4,0.8755
0.05,999.9999999999998,MoM-AR (oracle),5,11.200000000000001,0.892
0.05,999.9999999999998,MoM-AR (oracle),5,11.999999999999998,0.905
0.05,999.9999999999998,MoM-AR (oracle),25,-11.999999999999998,0.8735
0.05,999.9999999999998,MoM-AR (oracle),25,-11.199999999999998,0.837
0.05,999.9999999999998,MoM-AR (oracle),25,-10.399999999999999,0.796
0.05,999.9999999999998,MoM-AR (oracle),25,-9.599999999999998,0.7585
0.05,999.9999999999998,MoM-AR (oracle),25,-8.799999999999999,0.7215
0.05,999.9999999999998,MoM-AR (oracle),25,-7.999999999999998,0.6825
0.05,999.9999999999998,MoM-AR (oracle),25,-7.199999999999998,0.629
0.05,999.9999999999998,MoM-AR (oracle),25,-6.399999999999999,0.5805
0.05,999.9999999999998,MoM-AR (oracle),25,-5.599999999999999,0.524
0.05,999.9999999999998,MoM-AR (oracle),25,-4.799999999999999,0.439
0.05,999.9999999999998,MoM-AR (oracle),25,-3.999999999999999,0.341
0.05,999.9999999999998,MoM-AR (oracle),25,-3.1999999999999993,0.186
0.05,999.9999999999998,MoM-AR (oracle),25,-2.3999999999999986,0.066
0.05,999.9999999999998,MoM-AR (oracle),25,-1.5999999999999996,0.0005
0.05,999.9999999999998,MoM-AR (oracle),25,-0.7999999999999989,0.0
0.05,999.9999999999998,MoM-AR (oracle),25,0.0,0.0
0.05,999.9999999999998,MoM-AR (oracle),25,0.8000000000000007,0.0
0.05,999.9999999999998,MoM-AR (oracle),25,1.6000000000000014,0.004
0.05,999.9999999999998,MoM-AR (oracle),25,2.4000000000000004,0.124
0.05,999.9999999999998,MoM-AR (oracle),25,3.200000000000001,0.3515
0.05,999.9999999999998,MoM-AR (oracle),25,4.0,0.528
0.05,999.9999999999998,MoM-AR (oracle),25,4.799999999999999,0.6395
0.05,999.9999999999998,MoM-AR (oracle),25,5.6,0.712
0.05,999.9999999999998,MoM-AR (oracle),25,6.4,0.7675
0.05,999.9999999999998,MoM-AR (oracle),25,7.200000000000001,0.8
0.05,999.9999999999998,MoM-AR (oracle),25,8.000000000000002,0.8285
0.05,999.9999999999998,MoM-AR (oracle),25,8.799999999999999,0.8585
0.05,999.9999999999998,MoM-AR (oracle),25,9.6,0.875
0.05,999.9999999999998,MoM-AR (oracle),25,10.4,0.8995
0.05,999.9999999999998,MoM-AR (oracle),25,11.200000000000001,0.9165
0.05,999.9999999999998,MoM-AR (oracle),25,11.999999999999998,0.9305
0.05,999.9999999999998,MoM-AR (oracle),101,-11.999999999999998,0.8745
0.05,999.9999999999998,MoM-AR (oracle),101,-11.199999999999998,0.8335
0.05,999.9999999999998,MoM-AR (oracle),101,-10.399999999999999,0.8025
0.05,999.9999999999998,MoM-AR (oracle),101,-9.599999999999998,0.7595
0.05,999.9999999999998,MoM-AR (oracle),101,-8.799999999999999,0.7185
0.05,999.9999999999998,MoM-AR (oracle),101,-7.999999999999998,0.6815
0.05,999.9999999999998,MoM-AR (oracle),101,-7.199999999999998,0.634
0.05,999.9999999999998,MoM-AR (oracle),101,-6.399999999999999,0.588
0.05,999.9999999999998,MoM-AR (oracle),101,-5.599999999999999,0.521
0.05,999.9999999999998,MoM-AR (oracle),101,-4.799999999999999,0.4315
0.05,999.9999999999998,MoM-AR (oracle),101,-3.999999999999999,0.334
0.05,999.9999999999998,MoM-AR (oracle),101,-3.1999999999999993,0.183
0.05,999.9999999999998,MoM-AR (oracle),101,-2.3999999999999986,0.068
0.05,999.9999999999998,MoM-AR (oracle),101,-1.5999999999999996,0.0005
0.05,999.9999999999998,MoM-AR (oracle),101,-0.7999999999999989,0.0
0.05,999.9999999999998,MoM-AR (oracle),101,0.0,0.0
0.05,999.9999999999998,MoM-AR (oracle),101,0.8000000000000007,0.0
0.05,999.9999999999998,MoM-AR (oracle),101,1.6000000000000014,0.0025
0.05,999.9999999999998,MoM-AR (oracle),101,2.4000000000000004,0.128
0.05,999.9999999999998,MoM-AR (oracle),101,3.200000000000001,0.3485
0.05,999.9999999999998,MoM-AR (oracle),101,4.0,0.524
0.05,999.9999999999998,MoM-AR (oracle),101,4.799999999999999,0.643
0.05,999.9999999999998,MoM-AR (oracle),101,5.6,0.714
0.05,999.9999999999998,MoM-AR (oracle),101,6.4,0.767
0.05,999.9999999999998,MoM-AR (oracle),101,7.200000000000001,0.809
0.05,999.9999999999998,MoM-AR (oracle),101,8.000000000000002,0.8335
0.05,999.9999999999998,MoM-AR (oracle),101,8.799999999999999,0.8595
0.05,999.9999999999998,MoM-AR (oracle),101,9.6,0.877
0.05,999.9999999999998,MoM-AR (oracle),101,10.4,0.895
0.05,999.9999999999998,MoM-AR (oracle),101,11.200000000000001,0.911
0.05,999.9999999999998,MoM-AR (oracle),101,11.999999999999998,0.9315
0.05,999.9999999999998,MoM-AR (feasible),1,-11.999999999999998,0.8995
0.05,999.9999999999998,MoM-AR (feasible),1,-11.199999999999998,0.8905
0.05,999.9999999999998,MoM-AR (feasible),1,-10.399999999999999,0.886
0.05,999.9999999999998,MoM-AR (feasible),1,-9.599999999999998,0.8755
0.05,999.9999999999998,MoM-AR (feasible),1,-8.799999999999999,0.8635
0.05,999.9999999999998,MoM-AR (feasible),1,-7.999999999999998,0.844
0.05,999.9999999999998,MoM-AR (feasible),1,-7.199999999999998,0.8245
0.05,999.9999999999998,MoM-AR (feasible),1,-6.399999999999999,0.806
0.05,999.9999999999998,MoM-AR (feasible),1,-5.599999999999999,0.784
0.05,999.9999999999998,MoM-AR (feasible),1,-4.799999999999999,0.7555
0.05,999.9999999999998,MoM-AR (feasible),1,-3.999999999999999,0.719
0.05,999.9999999999998,MoM-AR (feasible),1,-3.1999999999999993,0.6495
0.05,999.9999999999998,MoM-AR (feasible),1,-2.3999999999999986,0.539
0.05,999.9999999999998,MoM-AR (feasible),1,-1.5999999999999996,0.3665
0.05,999.9999999999998,MoM-AR (feasible),1,-0.7999999999999989,0.092
0.05,999.9999999999998,MoM-AR (feasible),1,0.0,0.0
0.05,999.9999999999998,MoM-AR (feasible),1,0.8000000000000007,0.1265
0.05,999.9999999999998,MoM-AR (feasible),1,1.6000000000000014,0.5035
0.05,999.9999999999998,MoM-AR (feasible),1,2.4000000000000004,0.688
0.05,999.9999999999998,MoM-AR (feasible),1,3.200000000000001,0.774
0.05,999.9999999999998,MoM-AR (feasible),1,4.0,0.8205
0.05,999.9999999999998,MoM-AR (feasible),1,4.799999999999999,0.853
0.05,999.9999999999998,MoM-AR (feasible),1,5.6,0.875
0.05,999.9999999999998,MoM-AR (feasible),1,6.4,0.887
0.05,999.9999999999998,MoM-AR (feasible),1,7.200000000000001,0.8985
0.05,999.9999999999998,MoM-AR (feasible),1,8.000000000000002,0.9065
0.05,999.9999999999998,MoM-AR (feasible),1,8.799999999999999,0.914
0.05,999.9999999999998,MoM-AR (feasible),1,9.6,0.9235
0.05,999.9999999999998,MoM-AR (feasible),1,10.4,0.932
0.05,999.9999999999998,MoM-AR (feasible),1,11.200000000000001,0.938
0.05,999.9999999999998,MoM-AR (feasible),1,11.999999999999998,0.9415
0.05,999.9999999999998,MoM-AR (feasible),5,-11.999999999999998,0.9735
0.05,999.9999999999998,MoM-AR (feasible),5,-11.199999999999998,0.9715
0.05,999.9999999999998,MoM-AR (feasible),5,-10.399999999999999,0.969
0.05,999.9999999999998,MoM-AR (feasible),5,-9.599999999999998,0.9575
0.05,999.9999999999998,MoM-AR (feasible),5,-8.799999999999999,0.9475
0.05,999.9999999999998,MoM-AR (feasible),5,-7.999999999999998,0.9395
0.05,999.9999999999998,MoM-AR (feasible),5,-7.199999999999998,0.9195
0.05,999.9999999999998,MoM-AR (feasible),5,-6.399999999999999,0.894
0.05,999.9999999999998,MoM-AR (feasible),5,-5.599999999999999,0.863
0.05,999.9999999999998,MoM-AR (feasible),5,-4.799999999999999,0.823
0.05,999.9999999999998,MoM-AR (feasible),5,-3.999999999999999,0.763
0.05,999.9999999999998,MoM-AR (feasible),5,-3.1999999999999993,0.661
0.05,999.9999999999998,MoM-AR (feasible),5,-2.3999999999999986,0.5455
0.05,999.9999999999998,MoM-AR (feasible),5,-1.5999999999999996,0.335
0.05,999.9999999999998,MoM-AR (feasible),5,-0.7999999999999989,0.0455
0.05,999.9999999999998,MoM-AR (feasible),5,0.0,0.0
0.05,999.9999999999998,MoM-AR (feasible),5,0.8000000000000007,0.0715
0.05,999.9999999999998,MoM-AR (feasible),5,1.6000000000000014,0.503
0.05,999.9999999999998,MoM-AR (feasible),5,2.4000000000000004,0.714
0.05,999.9999999999998,MoM-AR (feasible),5,3.200000000000001,0.811
0.05,999.9999999999998,MoM-AR (feasible),5,4.0,0.863
0.05,999.9999999999998,MoM-AR (feasible),5,4.799999999999999,0.8995
0.05,999.9999999999998,MoM-AR (feasible),5,5.6,0.928
0.05,999.9999999999998,MoM-AR (feasible),5,6.4,0.944
0.05,999.9999999999998,MoM-AR (feasible),5,7.200000000000001,0.954
0.05,999.9999999999998,MoM-AR (feasible),5,8.000000000000002,0.9625
0.05,999.9999999999998,MoM-AR (feasible),5,8.799999999999999,0.9695
0.05,999.9999999999998,MoM-AR (feasible),5,9.6,0.9765
0.05,999.9999999999998,MoM-AR (feasible),5,10.4,0.982
0.05,999.9999999999998,MoM-AR (feasible),5,11.200000000000001,0.9855
0.05,999.9999999999998,MoM-AR (feasible),5,11.999999999999998,0.986
0.05,999.9999999999998,MoM-AR (feasible),25,-11.999999999999998,0.9985
0.05,999.9999999999998,MoM-AR (feasible),25,-11.199999999999998,0.998
0.05,999.9999999999998,MoM-AR (feasible),25,-10.399999999999999,0.997
0.05,999.9999999999998,MoM-AR (feasible),25,-9.599999999999998,0.9965
0.05,999.9999999999998,MoM-AR (feasible),25,-8.799999999999999,0.9945
0.05,999.9999999999998,MoM-AR (feasible),25,-7.999999999999998,0.9885
0.05,999.9999999999998,MoM-AR (feasible),25,-7.199999999999998,0.975
0.05,999.9999999999998,MoM-AR (feasible),25,-6.399999999999999,0.96
0.05,999.9999999999998,MoM-AR (feasible),25,-5.599999999999999,0.9215
0.05,999.9999999999998,MoM-AR (feasible),25,-4.799999999999999,0.8575
0.05,999.9999999999998,MoM-AR (feasible),25,-3.999999999999999,0.7725
0.05,999.9999999999998,MoM-AR (feasible),25,-3.1999999999999993,0.667
0.05,999.9999999999998,MoM-AR (feasible),25,-2.3999999999999986,0.529
0.05,999.9999999999998,MoM-AR (feasible),25,-1.5999999999999996,0.3165
0.05,999.9999999999998,MoM-AR (feasible),25,-0.7999999999999989,0.031
0.05,999.9999999999998,MoM-AR (feasible),25,0.0,0.0
0.05,999.9999999999998,MoM-AR (feasible),25,0.8000000000000007,0.041
0.05,999.9999999999998,MoM-AR (feasible),25,1.6000000000000014,0.501
0.05,999.9999999999998,MoM-AR (feasible),25,2.4000000000000004,0.7255
0.05,999.9999999999998,MoM-AR (feasible),25,3.200000000000001,0.8215
0.05,999.9999999999998,MoM-AR (feasible),25,4.0,0.8815
0.05,999.9999999999998,MoM-AR (feasible),25,4.799999999999999,0.923
0.05,999.9999999999998,MoM-AR (feasible),25,5.6,0.9565
0.05,999.9999999999998,MoM-AR (feasible),25,6.4,0.98
0.05,999.9999999999998,MoM-AR (feasible),25,7.200000000000001,0.9905
0.05,999.9999999999998,MoM-AR (feasible),25,8.000000000000002,0.9945
0.05,999.9999999999998,MoM-AR (feasible),25,8.799999999999999,0.998
0.05,999.9999999999998,MoM-AR (feasible),25,9.6,0.9995
0.05,999.9999999999998,MoM-AR (feasible),25,10.4,0.9995
0.05,999.9999999999998,MoM-AR (feasible),25,11.200000000000001,1.0
0.05,999.9999999999998,MoM-AR (feasible),25,11.999999999999998,1.0
0.05,999.9999999999998,MoM-AR (feasible),101,-11.999999999999998,1.0
0.05,999.9999999999998,MoM-AR (feasible),101,-11.199999999999998,1.0
0.05,999.9999999999998,MoM-AR (feasible),101,-10.399999999999999,1.0
0.05,999.9999999999998,MoM-AR (feasible),101,-9.599999999999998,1.0
0.05,999.9999999999998,MoM-AR (feasible),101,-8.799999999999999,1.0
0.05,999.9999999999998,MoM-AR (feasible),101,-7.999999999999998,0.9995
0.05,999.9999999999998,MoM-AR (feasible),101,-7.199999999999998,0.996
0.05,999.9999999999998,MoM-AR (feasible),101,-6.399999999999999,0.983
0.05,999.9999999999998,MoM-AR (feasible),101,-5.599999999999999,0.949
0.05,999.9999999999998,MoM-AR (feasible),101,-4.799999999999999,0.866
0.05,999.9999999999998,MoM-AR (feasible),101,-3.999999999999999,0.778
0.05,999.9999999999998,MoM-AR (feasible),101,-3.1999999999999993,0.668
0.05,999.9999999999998,MoM-AR (feasible),101,-2.3999999999999986,0.5365
0.05,999.9999999999998,MoM-AR (feasible),101,-1.5999999999999996,0.3145
0.05,999.9999999999998,MoM-AR (feasible),101,-0.7999999999999989,0.03
0.05,999.9999999999998,MoM-AR (feasible),101,0.0,0.0
0.05,999.9999999999998,MoM-AR (feasible),101,0.8000000000000007,0.041
0.05,999.9999999999998,MoM-AR (feasible),101,1.6000000000000014,0.498
0.05,999.9999999999998,MoM-AR (feasible),101,2.4000000000000004,0.738
0.05,999.9999999999998,MoM-AR (feasible),101,3.200000000000001,0.826
0.05,999.9999999999998,MoM-AR (feasible),101,4.0,0.8845
0.05,999.9999999999998,MoM-AR (feasible),101,4.799999999999999,0.932
0.05,999.9999999999998,MoM-AR (feasible),101,5.6,0.966
0.05,999.9999999999998,MoM-AR (feasible),101,6.4,0.9905
0.05,999.9999999999998,MoM-AR (feasible),101,7.200000000000001,0.9985
0.05,999.9999999999998,MoM-AR (feasible),101,8.000000000000002,1.0
0.05,999.9999999999998,MoM-AR (feasible),101,8.799999999999999,1.0
0.05,999.9999999999998,MoM-AR (feasible),101,9.6,1.0
0.05,999.9999999999998,MoM-AR (feasible),101,10.4,1.0
0.05,999.9999999999998,MoM-AR (feasible),101,11.200000000000001,1.0
0.05,999.9999999999998,MoM-AR (feasible),101,11.999999999999998,1.0
