seed,beta_mor,beta_rom,beta_catoni,sigma_hat_Ze,all_same_sign,mom_lo,mom_hi,mom_ncomp,mom_unbounded,mom_length,mom_rej0,mom_rejOLS,sn_lo,sn_hi,sn_ncomp,sn_unbounded,sn_length,sn_rej0,sn_rejOLS
0,0.05843705169999522,0.10231649547284986,0.10184993154054166,0.34288594461406907,False,-0.19230688426025963,0.38387781960469997,1,False,0.5761847038649596,False,False,-0.009678382549769885,0.23250410887024356,3,False,0.211828033056321,False,False
1,0.059185483987127835,0.07711497762535288,0.10184803526865545,0.23867841190532538,True,-0.117343817510461,0.31670053784008256,1,False,0.43404435535054353,False,False,0.01568048990337639,0.18885650950515775,1,False,0.17317601960178136,True,False
2,0.09995223039727053,0.10826751233922842,0.10184811600604628,0.3236220145133824,True,-0.13383103452946393,0.3805043488075435,1,False,0.5143353833370075,False,False,0.05804456162097371,0.2265231684747332,1,False,0.16847860685375948,True,False
3,0.11561326602724337,0.1229503129782318,0.10185128884683604,0.24329711205299845,False,-0.10413802836227606,0.2640146073815722,1,False,0.36815263574384827,False,False,0.0658433061824951,0.17195492493893855,1,False,0.10611161875644344,True,False
4,0.10029944073143826,0.07365459723344463,0.10184954553968194,0.16166822280314191,True,-0.009965684018201205,0.24345735973239585,1,False,0.25342304375059704,False,False,0.04891951837407167,0.15125775596309993,1,False,0.10233823758902826,True,False
5,0.09520693495704234,0.0883997367834404,0.10184947538744957,0.17665706006186674,False,-0.026345467988443963,0.2467571129339693,1,False,0.27310258092241324,False,False,0.06094242329144113,0.12484024925881004,1,False,0.06389782596736891,True,False
6,0.07896964210284546,0.08723496516595343,0.10184885236038234,0.288314199793212,False,-0.1156345566132234,0.3635034748054229,1,False,0.4791380314186463,False,False,-0.026533460896858485,0.18022659009912745,1,False,0.20676005099598593,False,False
7,0.11702356527633524,0.06534715241097512,0.10184888890694095,0.4512351508975539,False,-0.37915967929597044,0.46518033475700915,1,False,0.8443400140529795,False,False,0.025689143160829736,0.23009533980918662,1,False,0.20440619664835688,True,False
8,0.04511508767873315,0.08266285421137523,0.10184871974702521,0.29203125040661887,False,-0.12471172762520824,0.36317445348058347,1,False,0.48788618110579174,False,False,0.005824099157690877,0.17285322673711728,1,False,0.1670291275794264,True,False
9,0.10673519056595818,0.10093285441784136,0.10185103312407985,0.19937066676891907,False,-0.03954994514097942,0.3079384378218827,1,False,0.3474883829628621,False,False,0.08126490022480423,0.2274635652378806,1,False,0.14619866501307638,True,True
10,0.0877101885575981,0.10710939463664933,0.10184900148243263,0.18443093917257133,True,-0.04264827998416466,0.29480446356857726,1,False,0.3374527435527419,False,False,0.022460980728007316,0.11225265566815379,1,False,0.08979167494014648,True,False
11,0.060489662812766874,0.07089065876232681,0.1018499772821823,0.3177593040478471,True,-0.20778926061763286,0.3834843404799716,1,False,0.5912736010976045,False,False,0.006624158959805051,0.23735722175248097,1,False,0.2307330627926759,True,False
12,0.10848131644682163,0.10481077858844,0.10184985162191419,0.17660197335144412,False,-0.041322576885972816,0.2782875564299818,1,False,0.3196101333159546,False,False,0.04591124880264201,0.17507964888748984,1,False,0.1291684000848478,True,False
13,0.07991221533146367,0.07466048622629864,0.10184825121485483,0.22047150087726225,False,-0.060514603037466586,0.2779759018268168,1,False,0.3384905048642834,False,False,0.0249202143570438,0.20745630658446604,2,False,0.16432360343921382,True,False
14,0.08355722021924682,0.07148170274362478,0.10184960654960613,0.20475961279614113,False,-0.06842545569899991,0.24172460638695756,1,False,0.31015006208595747,False,False,0.05496767356752788,0.1464321318190281,1,False,0.09146445825150021,True,False
15,0.10992306125137491,0.0801537355715662,0.10185109061559186,0.16991344616358658,False,-0.03378760800018797,0.26222336440209876,1,False,0.29601097240228674,False,False,0.045128117982918464,0.16009295335236357,1,False,0.1149648353694451,True,False
16,0.07728106986635938,0.07678128404825733,0.10185041631232644,0.3076093017892637,False,-0.16767760979610627,0.4099754075824643,1,False,0.5776530173785706,False,False,-0.016335523214200155,0.32731343057812334,3,False,0.322816645393071,True,False
17,0.08574633792052243,0.06273644736493929,0.10184779340993634,0.24930557049421875,False,-0.12162655564524331,0.34520045307112407,1,False,0.4668270087163674,False,False,0.04886894004776581,0.16223955731074435,1,False,0.11337061726297853,True,False
18,0.09421704828420316,0.11228074999520955,0.10184911514773576,0.19886828652286914,False,-0.07249641141963203,0.27336229618601676,1,False,0.3458587076056488,False,False,-0.004064316846654022,0.19841521456038608,3,False,0.1511253535934546,True,False
19,0.0693432120703811,0.1340506870542564,0.10184914876048844,0.32204354974892613,False,-0.15359292136767697,0.37810625239633916,1,False,0.5316991737640161,False,False,0.036490811273164045,0.26559634034181767,1,False,0.2291055290686536,True,False
20,0.11603031855609876,0.10619271612753822,0.10184977371514396,0.3200878153772557,False,-0.14293989587137249,0.32236084879951954,1,False,0.465300744670892,False,False,0.018844419145495218,0.1727678820596927,1,False,0.15392346291419748,True,False
21,0.0647041248554345,0.0828047638502184,0.10184918223494145,0.4044249655554245,False,-0.18786581265154,0.3991783604157444,1,False,0.5870441730672844,False,False,-0.01574488072524527,0.264883678518378,1,False,0.2806285592436233,False,False
22,0.09377291565245377,0.08946293252672015,0.10184839293130471,0.19723129343149953,True,-0.06486829041611844,0.31357354575512686,1,False,0.37844183617124527,False,False,0.04152314581688498,0.15143945697602998,1,False,0.10991631115914499,True,False
23,0.09252782563908549,0.10786280611263824,0.10184842697725753,0.2662958860434237,False,-0.10031356536198135,0.29376784371774156,1,False,0.3940814090797229,False,False,0.047252212464216875,0.17548040365318596,1,False,0.12822819118896908,True,False
24,0.12265208744912257,0.11487878952010251,0.10185121001047799,0.2640989724219972,False,-0.09885761733201824,0.3516684454893457,1,False,0.450526062821364,False,False,0.01640694726068201,0.30028267528318564,2,False,0.2766294080956695,True,False
25,0.09001403645823705,0.09531768741017646,0.10185087070769162,0.3590593358427818,False,-0.17878595168652361,0.396454158396065,1,False,0.5752401100825886,False,False,0.005122105488199697,0.22280266431763263,1,False,0.21768055882943294,True,False
26,0.08657224831053872,0.10794409724534286,0.10184880653457987,0.27501077472329727,False,-0.1466069683949579,0.3521879069697766,1,False,0.4987948753647345,False,False,0.051388814947617815,0.18863100829628932,1,False,0.1372421933486715,True,False
27,0.13329719596274114,0.12894654441930584,0.10185011085750945,0.3543159780161143,True,-0.16776759184472997,0.38347010811861526,1,False,0.5512376999633453,False,False,0.05021628043859107,0.20246586565742958,1,False,0.15224958521883852,True,False
28,0.08163084704407886,0.07684182234260496,0.10184960821806643,0.3281402368093583,True,-0.20884130925781036,0.3767197488897222,1,False,0.5855610581475326,False,False,-0.007285035194898705,0.13065823997755638,1,False,0.13794327517245508,False,False
29,0.1170415730228436,0.10332354345494651,0.10184861783956399,0.22139954214152746,True,-0.05678032677624231,0.2885373956442789,1,False,0.34531772242052117,False,False,0.042274006524278665,0.17980201163789278,1,False,0.13752800511361413,True,False
30,0.08074483434231855,0.09297128371698793,0.10184956992785807,0.3482219381092675,True,-0.18184835744841568,0.38257039266916903,1,False,0.5644187501175847,False,False,-0.014621016875552569,0.17059892319338726,2,False,0.18384997125474636,False,False
31,0.11740333493385968,0.11828115194613155,0.10184850600117765,0.25541404638216925,True,-0.13719607033491799,0.30443104751782374,1,False,0.4416271178527417,False,False,0.025307573426574907,0.1575671069120047,1,False,0.1322595334854298,True,False
32,0.10680291385326751,0.1002755573271745,0.10185015575528585,0.19811363883262323,False,-0.09898519158935726,0.27472094031456296,1,False,0.3737061319039202,False,False,0.07855617415558405,0.19780205259275374,1,False,0.11924587843716969,True,True
33,0.10222892420866098,0.11405192034560692,0.10185014141500201,0.29508044841300496,False,-0.1180692704703467,0.44001238924422825,1,False,0.5580816597145749,False,False,0.04921740297471558,0.23206491796486242,1,False,0.18284751499014684,True,False
34,0.08852431950304177,0.09986623153433882,0.10184773427937191,0.20890204791519287,True,-0.07183608819943987,0.2579079343730103,1,False,0.32974402257245017,False,False,0.02535351759859001,0.13675498167609845,1,False,0.11140146407750845,True,False
35,0.10980391521096369,0.08080622739906514,0.1018504841690997,0.23933674155099283,True,-0.08232984654953056,0.34413446120876295,1,False,0.4264643077582935,False,False,0.06408158609260997,0.19167532818719163,1,False,0.12759374209458166,True,False
36,0.09280566643942487,0.12065875020522696,0.10184890814069845,0.2891442784210321,True,-0.11220186016897062,0.3331455229503552,1,False,0.4453473831193258,False,False,0.05455763056587084,0.17991397025720585,1,False,0.125356339691335,True,False
37,0.056419494110401744,0.04086896485388561,0.10184637649335249,0.26247299179743255,False,-0.11455286555211266,0.3278820486630164,1,False,0.44243491421512904,False,False,0.02223380470521439,0.1697763922616522,1,False,0.14754258755643782,True,False
38,0.12351848783493558,0.0836488049208717,0.10184832918350702,0.2522129412406071,True,-0.07290885504847525,0.3411861869672008,1,False,0.41409504201567604,False,False,0.049199208227509,0.19713721951458738,1,False,0.14793801128707837,True,False
39,0.11608237467342664,0.10584459250680438,0.10185118384670996,0.2748974604813192,False,-0.13731708704070278,0.35505615997936324,1,False,0.492373247020066,False,False,0.0568626965250031,0.25180153870309385,1,False,0.19493884217809077,True,False
40,0.09668499972952807,0.08985831767333613,0.10185039031680955,0.306201054181722,False,-0.18908389783361906,0.36999431558632545,1,False,0.5590782134199446,False,False,0.011146411340332351,0.20261559810074492,2,False,0.18435927061698135,True,False
41,0.11815493205456093,0.09518701203992525,0.10185084129141513,0.15750900669266568,True,-0.019089969285969583,0.26304005231914146,1,False,0.282130021605111,False,False,0.08719563123194159,0.17375751199538908,1,False,0.0865618807634475,True,True
42,0.06682686939199299,0.047035546472300516,0.10185003342450655,0.29134242385516357,False,-0.17978307375069896,0.3642368539023829,1,False,0.5440199276530819,False,False,0.008940196119189722,0.16004710845875064,1,False,0.15110691233956092,True,False
43,0.12227351860022942,0.11821648470044849,0.10185009142281375,0.3054185058761885,False,-0.12649197312377364,0.38221730868663517,1,False,0.5087092818104089,False,False,0.0428517447666046,0.19479711770094735,1,False,0.15194537293434274,True,False
44,0.0984784400025886,0.10688268466296512,0.10185088800444098,0.2766559796840205,True,-0.13216629365737018,0.351909563233851,1,False,0.4840758568912211,False,False,0.02710311123840921,0.21195295528426028,1,False,0.18484984404585106,True,False
45,0.06879415567383926,0.12072838298037776,0.10184723113669672,0.3075504667230408,False,-0.16377768735400428,0.3395846209023661,1,False,0.5033623082563703,False,False,0.0020121722915105635,0.24611025026322592,2,False,0.2107036691069493,True,False
46,0.061355124572285896,0.10074782284996633,0.10185026713961226,0.2042023837348726,False,-0.08801980067553154,0.2304531833316706,1,False,0.31847298400720214,False,False,-0.0037323374862717647,0.11785650817346888,1,False,0.12158884565974064,False,False
47,0.09959363159130274,0.10501522331871802,0.10184905863371914,0.1498106728437615,True,-0.013537245736048571,0.22715945648811944,1,False,0.240696702224168,False,False,0.057113940751622946,0.15170716069712706,1,False,0.09459321994550411,True,False
48,0.08786761184724351,0.09952755356710849,0.10184866647092783,0.1655986282456969,True,-0.010882203232926763,0.21967857444742525,1,False,0.23056077768035202,False,False,0.037689203389801765,0.15253629106691707,1,False,0.11484708767711531,True,False
49,0.11186888521497826,0.10412822849583615,0.10184924653968773,0.21829969866428284,False,-0.06867108896217797,0.2777147556887029,1,False,0.34638584465088085,False,False,0.05549832097939983,0.18744084837918393,1,False,0.1319425273997841,True,False
50,0.09772147772337028,0.06687219698455614,0.10184911695904755,0.3200256239822334,True,-0.15371649764492643,0.3646347101881551,1,False,0.5183512078330815,False,False,0.03489592413877933,0.15195827728148245,1,False,0.11706235314270312,True,False
51,0.08204196338490352,0.08443617635013721,0.10185025436953841,0.21481350691483267,False,-0.06966146648007276,0.3056965985841416,1,False,0.3753580650642144,False,False,0.03981161675938664,0.2169199166006628,1,False,0.17710829984127616,True,False
52,0.0942049791835903,0.10018898117353568,0.10184937489234401,0.2713212225940313,False,-0.08809298370517188,0.31021226564919774,1,False,0.3983052493543696,False,False,0.010488628249955778,0.15170884070125443,2,False,0.1316926078121992,True,False
53,0.09123333335493262,0.11379305438682553,0.10184899224766533,0.2185850171859916,False,-0.05902112641319735,0.27201379604038184,1,False,0.3310349224535792,False,False,0.05805204442808441,0.20194822167050516,1,False,0.14389617724242076,True,False
54,0.11109768654153254,0.12868222416418565,0.10185048965262529,0.09140660089126808,False,0.04634780464700175,0.17700227528205126,1,False,0.1306544706350495,True,False,0.08595256818554443,0.16137481041042984,1,False,0.0754222422248854,True,True
55,0.10364413289406628,0.11598579155816102,0.10184834672466925,0.12149119725284256,False,0.013867472317631078,0.2792849290192562,1,False,0.26541745670162514,True,False,0.07580173071577666,0.23857973412038236,1,False,0.1627780034046057,True,True
56,0.08385863818843242,0.10705013612723559,0.10184720934676782,0.3262975247189063,False,-0.1736145493421635,0.39134557553593846,1,False,0.564960124878102,False,False,0.044300949237958034,0.2500016395608793,2,False,0.15918113322274297,True,False
57,0.10248175261470945,0.11165431796047136,0.10184948995462498,0.2387044367157622,False,-0.05252479029514721,0.30319715894258936,1,False,0.3557219492377366,False,False,0.050508290052050285,0.1766445400533707,1,False,0.12613625000132042,True,False
58,0.10908442240924472,0.10124273036970986,0.10184958463393716,0.2456822511530369,False,-0.07984051733575859,0.3510470708712729,1,False,0.4308875882070315,False,False,0.02732985410198508,0.21770534969971794,2,False,0.17484443725359095,True,False
59,0.11057855246225654,0.10243906944014622,0.10184896907029209,0.20654075715372944,True,-0.06774293370322516,0.28437672207518383,1,False,0.352119655778409,False,False,0.06138950880157762,0.1967689978601076,1,False,0.13537948905852998,True,False
60,0.0877163292415852,0.1341379082161101,0.10185027991886543,0.28615833606526003,True,-0.12010845563248489,0.32777454542477996,1,False,0.44788300105726486,False,False,0.03184287372134682,0.1399137609120207,1,False,0.10807088719067388,True,False
61,0.06741567385460115,0.0987696444206467,0.10184981143248864,0.34253641066854573,True,-0.2238329590361631,0.38912507124088297,1,False,0.6129580302770461,False,False,-0.002351533321073758,0.19913788479013195,1,False,0.20148941811120571,False,False
62,0.07344616766605971,0.08747571280423887,0.10184826429207479,0.39409927820756857,False,-0.2022862018549898,0.46175841185447125,1,False,0.6640446137094611,False,False,0.013471463870278668,0.1889101919603913,1,False,0.17543872809011263,True,False
63,0.0910738215663273,0.07850164855631567,0.10184836128798959,0.2960138949551976,True,-0.17908005361580653,0.4134397857064796,1,False,0.5925198393222861,False,False,-0.036305238884373474,0.147931278617675,1,False,0.18423651750204847,False,False
64,0.028009377427646018,0.10937305474890503,0.10184802375387877,0.3307086585426853,False,-0.19170453969636972,0.3646902184636708,1,False,0.5563947581600405,False,False,-0.0038551603991233458,0.21708598021757083,1,False,0.22094114061669418,False,False
65,0.10212292404074165,0.15555901500513877,0.10184974445666213,0.31808384747773427,False,-0.19307310927305638,0.3208361055338904,1,False,0.5139092148069468,False,False,0.026331763865244,0.16506369432582338,1,False,0.13873193046057938,True,False
66,0.111582433202262,0.12499577671599955,0.10184921535123215,0.19700671435911846,False,-0.07097466660047963,0.33137419775987,1,False,0.4023488643603496,False,False,0.06289517026045316,0.1492909720649272,1,False,0.08639580180447404,True,False
67,0.0673195107089686,0.08612505098940405,0.10185003056742592,0.3141072308999649,False,-0.15949279075632022,0.38328465990134236,1,False,0.5427774506576626,False,False,-0.0017071644398325286,0.18567083985832672,2,False,0.17917646788596747,False,False
68,0.08585845912110959,0.09839836040695181,0.10184845903483063,0.16361843508037904,False,-0.03055071274564257,0.234459677697913,1,False,0.26501039044355557,False,False,0.0585408684894323,0.13771171820028733,1,False,0.07917084971085503,True,False
69,0.0854750800664435,0.11047330168184223,0.10184834737280171,0.3344381241384567,False,-0.18659459906158501,0.3948487718156904,1,False,0.5814433708772754,False,False,0.0209724961378895,0.20491401363118011,1,False,0.18394151749329063,True,False
70,0.09805243121107432,0.12428822694506596,0.10185027518316653,0.20603938935031726,False,-0.07513465817390255,0.2733901041110859,1,False,0.3485247622849884,False,False,0.0624423169975867,0.20561507776182408,1,False,0.14317276076423738,True,False
71,0.08957421670912505,0.12711812643531104,0.10184848046056907,0.233431555237173,False,-0.08676004294337004,0.29105043061020963,1,False,0.37781047355357966,False,False,0.05501420539687811,0.17096781075785483,1,False,0.11595360536097672,True,False
72,0.09621915046215881,0.10551535011400505,0.10184902129345441,0.2255721775779382,False,-0.07406743210335277,0.3183036632323602,1,False,0.39237109533571296,False,False,0.05758873542563038,0.1423956589016428,1,False,0.08480692347601242,True,False
73,0.11317039649937471,0.10291202284985118,0.10184994969826543,0.20062657625816255,False,-0.025893948918314345,0.2678112374333804,1,False,0.2937051863516948,False,False,0.024132490737023678,0.1470794596503967,1,False,0.12294696891337303,True,False
74,0.1399648639816714,0.11126583454471342,0.10185093464469533,0.4686066673185172,False,-0.2828775066064757,0.48404660144173306,1,False,0.7669241080482088,False,False,0.04263955404389507,0.2724247209366382,1,False,0.22978516689274314,True,False
75,0.0832100401377622,0.07687749524419493,0.10184994549878562,0.2580927128889621,False,-0.1478708828944636,0.3339137417109903,1,False,0.4817846246054539,False,False,-0.00481725816575531,0.18913732007620612,1,False,0.19395457824196144,False,False
76,0.12343996857423636,0.10576418061373535,0.10184986680956822,0.20081348746557923,True,-0.10306417724930637,0.2841067260259198,1,False,0.3871709032752262,False,False,0.05277799040406503,0.18066319705292716,1,False,0.12788520664886213,True,False
77,0.07682972327875537,0.09796594322285493,0.10184852792430182,0.3194274331770156,False,-0.16288184176992337,0.33797069210134234,1,False,0.5008525338712657,False,False,0.009411402166579343,0.138539137396937,1,False,0.12912773523035764,True,False
78,0.09923020776852623,0.06838303224116801,0.10184891239820444,0.3168105172115886,True,-0.21337791311647528,0.44380616897155273,1,False,0.657184082088028,False,False,0.043458641994518765,0.23968512668035014,1,False,0.19622648468583137,True,False
79,0.10773044110872587,0.11518108624354638,0.10184876210176064,0.24094222617407032,True,-0.11704613541620544,0.33669136803797284,1,False,0.4537375034541783,False,False,0.009452228106127163,0.16715160062080997,1,False,0.1576993725146828,True,False
80,0.10029985131860275,0.11777987367092309,0.10184932613998748,0.29098644100083737,True,-0.14279582217715814,0.3191511593326646,1,False,0.4619469815098227,False,False,-0.0026476743924344196,0.15441178674175715,1,False,0.15705946113419156,False,False
81,0.058776381883698284,0.1024151678785325,0.10184959150577964,0.24189120119228907,False,-0.1409468323470544,0.33456450118381276,1,False,0.47551133353086716,False,False,0.033700095876428915,0.2268104562412756,1,False,0.1931103603648467,True,False
82,0.06391346767097791,0.11898628352223345,0.10184806455133813,0.33480833118698994,False,-0.24222746610235893,0.4643048364318562,1,False,0.7065323025342152,False,False,0.00457784037100872,0.2644799031214451,2,False,0.2080806262303383,True,False
83,0.10951012038265212,0.10408561699660104,0.10184929396786367,0.2827110527575706,False,-0.0962233849593842,0.3698510367138962,1,False,0.4660744216732804,False,False,-0.0016009446019530193,0.21070338050822615,2,False,0.2042100638818764,False,False
84,0.1329829556137695,0.09712864696644485,0.10184796273371319,0.32264011448186186,False,-0.16440864952372142,0.47560516391559304,1,False,0.6400138134393145,False,False,0.07780335938920875,0.3005282464869311,1,False,0.22272488709772237,True,True
85,0.11559893403123189,0.11456374140274792,0.10184855999536094,0.30118748271567747,False,-0.12369369128857197,0.37904122423049236,1,False,0.5027349155190644,False,False,0.04761843259690114,0.23204702265911603,1,False,0.1844285900622149,True,False
86,0.05556907007101623,0.09782978394185933,0.1018508190078726,0.17307008024701498,False,-0.050097608935301574,0.20569339594063749,1,False,0.2557910048759391,False,False,0.01565997203028298,0.09911396709349515,1,False,0.08345399506321217,True,False
87,0.08748629542456708,0.12218947519343665,0.10184791288646469,0.3206873296362089,False,-0.15957040366488914,0.377122290749827,1,False,0.5366926944147161,False,False,0.05072618403511063,0.16902224988926307,1,False,0.11829606585415244,True,False
88,0.10734475491924955,0.09835936952358339,0.1018500165907406,0.2880314642872005,True,-0.10897126960932621,0.3672703691814304,1,False,0.47624163879075665,False,False,0.038267967534474936,0.1771793123153662,1,False,0.1389113447808913,True,False
89,0.09890762921992219,0.0947879258364286,0.10184975267907083,0.19080669069761863,False,-0.061277115602698426,0.3122136914148329,1,False,0.37349080701753135,False,False,0.03663699796247535,0.272650813683775,2,False,0.17445069562898474,True,False
90,0.08915810054382822,0.12382449905335394,0.10185055007350795,0.23044736736890797,False,-0.0800674831482974,0.26850955378853325,1,False,0.3485770369368306,False,False,0.05186133615659312,0.13365845889064898,1,False,0.08179712273405586,True,False
91,0.12618426475248906,0.09259286795993787,0.10185028756550894,0.29546115681295293,False,-0.09296515053147411,0.3580928457821774,1,False,0.4510579963136515,False,False,0.03545850306267972,0.18573813865283656,1,False,0.15027963559015683,True,False
92,0.11908574886568866,0.047239139305186,0.10185080994137229,0.2699756997381169,True,-0.12692972101985436,0.32141230192073145,1,False,0.4483420229405858,False,False,0.029976773000521102,0.16910233211279085,1,False,0.13912555911226976,True,False
93,0.09014423530544344,0.13119046725093797,0.10185062288028901,0.32877707064043515,True,-0.20812343929195753,0.3820926474173082,1,False,0.5902160867092657,False,False,0.013887037204516138,0.1739895249375883,1,False,0.16010248773307215,True,False
94,0.09354093116513376,0.09355460222629639,0.10185039309834462,0.384133356863098,False,-0.19196624462968484,0.4507056347892116,1,False,0.6426718794188965,False,False,0.04045455948629645,0.28736728529720423,1,False,0.24691272581090778,True,False
95,0.1346363626854235,0.1400248332831423,0.10184993244356856,0.15359084571980716,False,0.018531289882697075,0.25664141632696863,1,False,0.23811012644427154,True,False,0.09805647244773938,0.16862890586223606,1,False,0.07057243341449668,True,True
96,0.11099426090251405,0.1300558203810183,0.10184923767691181,0.1886636861394936,False,-0.022479545962822797,0.27208507466982407,1,False,0.2945646206326469,False,False,0.0658138052373006,0.20734654004031244,2,False,0.09199125564036903,True,False
97,0.12762339693698024,0.10218304387514314,0.10184935397452252,0.22762241242759185,False,-0.06709360891233267,0.3263562196685421,1,False,0.3934498285808748,False,False,0.07630756433109634,0.21125119787768842,1,False,0.13494363354659208,True,True
98,0.10719760086746145,0.10770669210684158,0.10184854744949247,0.16778788217748855,True,-0.04073628269474341,0.25124038568977686,1,False,0.29197666838452024,False,False,0.03834812528413516,0.16678376879511972,2,False,0.12254738376452264,True,False
99,0.08459847111212346,0.09040251971767573,0.10184973542117817,0.22208737223095035,False,-0.0580204747668421,0.2959128899883236,1,False,0.3539333647551657,False,False,0.04135066004495114,0.1813516559663768,2,False,0.1248312716170499,True,False
100,0.1035870046789065,0.08881668586297023,0.10185019326200417,0.2552083786846708,False,-0.08572514981816909,0.29913073167316667,1,False,0.38485588149133576,False,False,0.06595114493958332,0.19985820637043533,1,False,0.13390706143085201,True,False
101,0.10637471886883798,0.10381191276507802,0.10184695476587022,0.2065484371061646,True,-0.07752683863018933,0.2889013869158319,1,False,0.3664282255460212,False,False,0.05302510783738615,0.21563760235531204,1,False,0.1626124945179259,True,False
102,0.10046026797876373,0.09630544959441541,0.10184796613026423,0.21338419497148997,False,-0.06570668028651663,0.2619057618687536,1,False,0.3276124421552702,False,False,0.04064373383323332,0.1551982503049132,1,False,0.11455451647167987,True,False
103,0.08399944553906186,0.09688120635286916,0.10184908412323473,0.3520262273158682,False,-0.19221900465705455,0.4469174271010429,1,False,0.6391364317580974,False,False,0.05162670486566391,0.21202882726635153,1,False,0.16040212240068763,True,False
104,0.08785030893945735,0.11697224028586435,0.10184939047381379,0.3425948316593306,False,-0.16042369487083413,0.45375488675349107,1,False,0.6141785816243253,False,False,0.0415307513651439,0.21246418836459163,1,False,0.17093343699944774,True,False
105,0.06277890433188787,0.08322288677961982,0.10185024234462768,0.30350068199878577,True,-0.13467538891222805,0.3467580286193074,1,False,0.48143341753153546,False,False,-0.0267112129227451,0.19704403410789423,1,False,0.22375524703063931,False,False
106,0.10966893621821264,0.07432919772787809,0.1018488541779892,0.23674772849922804,False,-0.06735031225584287,0.2800520803632879,1,False,0.34740239261913075,False,False,0.05211758602704013,0.1589729065198704,1,False,0.10685532049283027,True,False
107,0.10000129783212104,0.13113994512898292,0.10184690901278924,0.3064078210084216,True,-0.18924296703012564,0.3614921312046447,1,False,0.5507350982347703,False,False,0.027318240317371168,0.21021022436435022,1,False,0.18289198404697904,True,False
108,0.11172209438329835,0.13705051005062907,0.10184996403764342,0.2789982961782956,False,-0.1307884854526539,0.32278407420983674,1,False,0.45357255966249066,False,False,0.05897688560146308,0.16545063821997238,1,False,0.1064737526185093,True,False
109,0.06996389820817273,0.08779606580476629,0.10185013169039407,0.16332566417376446,False,-0.03826221706908856,0.2370997326040611,1,False,0.27536194967314964,False,False,0.03164639360854893,0.16603972415355825,2,False,0.13295233253545527,True,False
110,0.10587055337060522,0.10366641165791027,0.1018490662639035,0.25641454608167863,True,-0.11020310906783272,0.29238171632691395,1,False,0.40258482539474666,False,False,0.0369935607615933,0.17457168903220288,1,False,0.13757812827060958,True,False
111,0.09224013859812294,0.10811477467178136,0.10184955949834211,0.22794230574271984,False,-0.06284840834363684,0.336043807336517,1,False,0.39889221568015387,False,False,0.045781033338410174,0.20555321103519755,1,False,0.15977217769678737,True,False
112,0.08911100422688312,0.07605563533195663,0.1018505656348726,0.3056688855079378,False,-0.11981682068919385,0.42340757698705206,1,False,0.5432243976762459,False,False,0.05284783639675171,0.238590646586255,1,False,0.18574281018950328,True,False
113,0.09979505641252573,0.11658698048841298,0.10185043166678014,0.2431666248277453,False,-0.11752353057690365,0.2908249906256912,1,False,0.4083485212025949,False,False,0.078460911311177,0.16466906733286157,1,False,0.08620815602168458,True,True
114,0.07256709139058673,0.07202084058395061,0.101848958208986,0.29613948161110953,False,-0.11190877563725311,0.30934460476085596,1,False,0.42125338039810906,False,False,0.022291606996558667,0.14633854969767707,1,False,0.1240469427011184,True,False
115,0.10496945161614334,0.11072981193361853,0.10184980596158816,0.21887358581499056,True,-0.08158690228889572,0.2730648377372003,1,False,0.354651740026096,False,False,0.051517967559944,0.16737769808022424,1,False,0.11585973052028023,True,False
116,0.07978187717736102,0.11139242962234562,0.10185029718190666,0.20099025131255607,False,-0.05110911156225602,0.2556642713283353,1,False,0.3067733828905913,False,False,0.06123295690080684,0.20237863801621803,1,False,0.1411456811154112,True,False
117,0.08576885207747631,0.10072510958304816,0.10184946891054765,0.14161341965276306,False,-0.006870246627362481,0.22605024287874004,1,False,0.23292048950610253,False,False,0.07781068689083923,0.15333431516224275,1,False,0.07552362827140352,True,True
118,0.09937098398805763,0.0769901065782761,0.10184977472410707,0.24577216692660142,False,-0.1099681967070444,0.3050983131293451,1,False,0.4150665098363895,False,False,0.050701560134766926,0.1822230951259628,1,False,0.13152153499119587,True,False
119,0.1062637482962021,0.10404704148687066,0.10184898005988569,0.2764469437423194,True,-0.09450956364987319,0.356505969375514,1,False,0.45101553302538716,False,False,0.06261446478377708,0.18082472613436654,1,False,0.11821026135058946,True,False
120,0.11638303002869976,0.0751234230838894,0.10184969828912219,0.26691785929889467,True,-0.10981876740872326,0.3520163570593552,1,False,0.46183512446807845,False,False,0.060298715422990416,0.18532314864598853,2,False,0.11785723365936718,True,False
121,0.09581903050438254,0.1235625827140056,0.10184992184635162,0.2961143780423652,False,-0.14908007896458272,0.33645297343544966,1,False,0.4855330524000324,False,False,0.04528239080256839,0.1939715155567758,1,False,0.14868912475420742,True,False
122,0.09143970468476662,0.10005186329383697,0.10184652638760448,0.2117730024782547,True,-0.05972378946891821,0.25591664558526583,1,False,0.31564043505418404,False,False,0.04410195861126846,0.15807188222294938,1,False,0.11396992361168092,True,False
123,0.07401108255245244,0.08564003391022208,0.1018490957221124,0.3730813882458102,True,-0.20208275463210223,0.36820345834231166,1,False,0.570286212974414,False,False,0.01789271308069524,0.14687299048930463,1,False,0.1289802774086094,True,False
124,0.10684880722972873,0.09805704406743611,0.10184965096432969,0.1771167170509183,False,-0.035753384821332064,0.24111617965422524,1,False,0.27686956447555733,False,False,0.0677670939514248,0.16655960389480284,2,False,0.06013428045238994,True,False
125,0.10976955218084011,0.1141939691177038,0.10184913191850085,0.21981415472876867,True,-0.09725589875371288,0.2865556061777153,1,False,0.3838115049314282,False,False,0.03208512203747579,0.17653197013038874,1,False,0.14444684809291294,True,False
126,0.11019985053587858,0.14570727033321243,0.10184994792928281,0.21849510462037341,True,-0.07178411401973112,0.29638092564769614,1,False,0.36816503966742725,False,False,0.06237192805526211,0.17266065666092542,1,False,0.11028872860566331,True,False
127,0.10521929949203707,0.12117503815871816,0.10185012074432147,0.1715000638532694,False,-0.018151695533884297,0.27035116396981596,1,False,0.28850285950370025,False,False,0.043809401535092676,0.174797535690206,1,False,0.13098813415511334,True,False
128,0.08189959559896158,0.12969830290477885,0.1018481863413093,0.2217644892932801,False,-0.07033850338378421,0.28484837931440704,1,False,0.35518688269819126,False,False,0.05700199540582187,0.19029540345050244,1,False,0.13329340804468057,True,False
129,0.09768292359651497,0.1326375459059297,0.10184892586482776,0.1855036386102138,False,-0.04656877359771134,0.25451421551272535,1,False,0.3010829891104367,False,False,0.02192586827160259,0.247406078858395,1,False,0.2254802105867924,True,False
130,0.10650717540178625,0.08965811781270432,0.10185100433254256,0.20284315183740712,False,-0.07767261298961184,0.3070353932432294,1,False,0.3847080062328413,False,False,0.04126904323063013,0.17397548765799403,1,False,0.1327064444273639,True,False
131,0.09225874999371855,0.08915227454009546,0.10184926842154311,0.28989598568717717,False,-0.15474784822181734,0.317194819849766,1,False,0.47194266807158336,False,False,0.007560189578164072,0.22519161418033323,1,False,0.21763142460216917,True,False
132,0.11417770364736118,0.06960694689547338,0.10184904221267668,0.17438244955187224,False,-0.03524595591918052,0.28424692544668073,1,False,0.31949288136586124,False,False,0.07635821629599247,0.16347726649354033,1,False,0.08711905019754786,True,True
133,0.10875490190742224,0.11111052085641411,0.10184875291796083,0.2925102504798684,True,-0.1631916332323025,0.3254379961021961,1,False,0.4886296293344986,False,False,0.05829088584851941,0.1691716138967658,1,False,0.11088072804824639,True,False
134,0.0819178309075861,0.07424567459973222,0.10185058337041394,0.2879765120179902,False,-0.11781896959518527,0.29572503443760084,1,False,0.4135440040327861,False,False,0.023516456200795573,0.15802848355146537,1,False,0.1345120273506698,True,False
135,0.11541195579345216,0.10494495320585791,0.10184985792532765,0.267476232014861,True,-0.08167160498949161,0.3321150953304221,1,False,0.4137867003199137,False,False,0.06259092749337558,0.1975005446867122,1,False,0.1349096171933366,True,False
136,0.14798991102610248,0.11975866193929006,0.10184998391346456,0.2453902011755248,False,-0.080487058758574,0.3291143095081967,1,False,0.4096013682667707,False,False,0.06179112216156418,0.2010032934963093,1,False,0.13921217133474512,True,False
137,0.1013530204380256,0.08953089286798337,0.1018496275329338,0.22402974218407806,False,-0.06070917360204095,0.3476815136264271,1,False,0.40839068722846805,False,False,0.041161139091757844,0.15642614954763367,1,False,0.11526501045587584,True,False
138,0.14728761664097373,0.09908410964613569,0.10185022011581976,0.31311599126830064,False,-0.188240916106958,0.42281819018739836,1,False,0.6110591062943563,False,False,0.010280323530007164,0.22234493902231056,1,False,0.2120646154923034,True,False
139,0.07624363149123689,0.12344697011896412,0.10185104566499074,0.34406074912426093,False,-0.14952930702014353,0.418350777009558,1,False,0.5678800840297015,False,False,0.012659953311420287,0.24753046069776416,1,False,0.23487050738634388,True,False
140,0.08807851247832701,0.07984507703958442,0.101847487537636,0.16306430955054543,True,-0.03568657495655402,0.2344631465433164,1,False,0.27014972149987043,False,False,0.05490326895588333,0.13436498563101446,1,False,0.07946171667513113,True,False
141,0.1220445565730959,0.07377093822447886,0.10184900495324735,0.26583383668030647,False,-0.11309239971926008,0.32084895870983093,1,False,0.433941358429091,False,False,0.03428616826619833,0.20260691699606143,1,False,0.16832074872986308,True,False
142,0.05598320971925687,0.0855387987187898,0.10184830249415158,0.29959984891304,False,-0.1305318407474668,0.29376324149077404,1,False,0.42429508223824086,False,False,0.004252527177658329,0.18504303809453315,2,False,0.17467717394291585,True,False
143,0.06231061672462429,0.08129293991091145,0.1018494140037376,0.3610831416989802,False,-0.2183494197616133,0.41558709371077057,1,False,0.6339365134723839,False,False,-0.033884474909637155,0.22497779872173518,1,False,0.2588622736313723,False,False
144,0.11698873876686991,0.1617676888545561,0.10184694942977052,0.19612304594790592,False,-0.07836777745361562,0.30576311311039367,1,False,0.3841308905640093,False,False,0.07102854068851451,0.17377355055611504,1,False,0.10274500986760053,True,True
145,0.09885133284921654,0.1422743246343209,0.10184983762358849,0.24943240458497973,False,-0.1248219775530203,0.34099171908613957,1,False,0.46581369663915984,False,False,0.015491728948782764,0.20894571661904932,1,False,0.19345398767026656,True,False
146,0.09676392452968319,0.11386095031538536,0.10184893960122338,0.14549373883093988,False,-0.014720958670122708,0.24749299293584057,1,False,0.2622139516059633,False,False,0.05714059341166179,0.20014231546275307,1,False,0.1430017220510913,True,False
147,0.0875444468698581,0.12454486998767658,0.10184912332605342,0.18881251491517467,False,-0.06241088819119945,0.2473357218077164,1,False,0.30974660999891585,False,False,0.03656972464793981,0.18466014261876282,1,False,0.148090417970823,True,False
148,0.0974439431110856,0.12637537042846664,0.10184954175400232,0.1900534393587427,False,-0.06790699395453204,0.2853619288488812,1,False,0.3532689228034132,False,False,0.0560059535264064,0.14581150497586626,1,False,0.08980555144945986,True,False
149,0.09466869887288326,0.10966460963620756,0.10184875486880766,0.20864297698199052,True,-0.05430128148347941,0.2290680420505179,1,False,0.2833693235339973,False,False,0.03487132322358669,0.1407451369807596,1,False,0.10587381375717292,True,False
150,0.08026603264656867,0.08014186114848565,0.10184943930936625,0.2374419484084842,False,-0.10479902622832153,0.31946675671437197,1,False,0.4242657829426935,False,False,0.013984419214222638,0.15388233608932073,2,False,0.111016873591234,True,False
151,0.14614158238765534,0.11701714018363368,0.10184778106771762,0.2891385397723896,False,-0.09480197298732639,0.36875211028517624,1,False,0.46355408327250264,False,False,0.0012472500232278182,0.212073562587467,1,False,0.2108263125642392,True,False
152,0.10443983951212757,0.13322760970836114,0.10184799522887761,0.11774542673732277,False,0.020536084731081837,0.19006785104632004,1,False,0.1695317663152382,True,False,0.07148303944584272,0.15785783179031665,1,False,0.08637479234447393,True,True
153,0.11232728204582049,0.07312840743773523,0.1018483078068022,0.28314344888234166,True,-0.15172349850736894,0.3744266208462811,1,False,0.52615011935365,False,False,0.06873991457908132,0.17723156198198686,1,False,0.10849164740290554,True,False
154,0.0880336583448744,0.0748203597629757,0.10184958173913794,0.27605077200988026,False,-0.14802889030417404,0.3307039253170846,1,False,0.47873281562125863,False,False,0.034627874013374776,0.21439065835305016,1,False,0.17976278433967538,True,False
155,0.10119330365231813,0.09469265824283794,0.10185008068378561,0.3016734336721168,True,-0.16148218310775456,0.34379543878152474,1,False,0.5052776218892793,False,False,0.05692158559230248,0.24144049689025737,1,False,0.1845189112979549,True,False
156,0.09506003641428695,0.06910944033086538,0.10184909879185214,0.31904770277015093,False,-0.15853444873966407,0.39751968100806795,1,False,0.556054129747732,False,False,0.04963752652753056,0.31685895073838966,1,False,0.2672214242108591,True,False
157,0.09854407654000605,0.07464395297378179,0.10184723889642158,0.271412942048777,True,-0.09967208163279659,0.37064230571402607,1,False,0.4703143873468226,False,False,0.03311238482845292,0.15498820981136224,1,False,0.12187582498290933,True,False
158,0.10021028652310679,0.10790145663806731,0.10184846733797323,0.2674242825582724,True,-0.13053284913453236,0.32593857703224866,1,False,0.45647142616678105,False,False,0.02078504732720982,0.18189003220453687,1,False,0.16110498487732705,True,False
159,0.13158372401900797,0.11221091801623062,0.1018502757980769,0.2453152103196233,False,-0.08621286549551761,0.35042465651638144,1,False,0.43663752201189904,False,False,0.03907977535056896,0.16238026195240846,1,False,0.1233004866018395,True,False
160,0.09760712713965769,0.13518032355210824,0.10184857927352717,0.2938763322269774,False,-0.1351560763992241,0.3783368409154672,1,False,0.5134929173146914,False,False,0.03552923687478627,0.23779564382611187,1,False,0.2022664069513256,True,False
161,0.11044411314465033,0.11080860121881538,0.10184889731550495,0.2654833500488311,False,-0.07402491077762133,0.3400928754063987,1,False,0.41411778618402006,False,False,0.028266327079412887,0.14210383551047565,1,False,0.11383750843106276,True,False
162,0.0846077043918512,0.11314794888167101,0.10185036701760056,0.2888053437872601,False,-0.09834586799224883,0.401638869952285,1,False,0.4999847379445338,False,False,0.04510983739151968,0.2023690098369837,1,False,0.157259172445464,True,False
163,0.11055106903857154,0.11722835632762872,0.10184908145753106,0.16230345938909652,False,-0.007043376215507331,0.24462986620730148,1,False,0.2516732424228088,False,False,0.0680648486190629,0.20190578848299381,2,False,0.13052166400016857,True,False
164,0.12505125549776047,0.09466001945231474,0.10184992801933228,0.1272114490086051,False,-0.004194907544771338,0.23034389156101415,1,False,0.23453879910578548,False,False,0.0774667439533378,0.1639498030119093,1,False,0.08648305905857151,True,True
165,0.09743605250407542,0.12143102268308825,0.10184992182150572,0.2511087284651359,False,-0.051587748990030415,0.3061441507253618,1,False,0.3577318997153922,False,False,0.0719312683300977,0.15264871583300765,1,False,0.08071744750290995,True,True
166,0.11551955261588753,0.09075196055399086,0.10184963135152961,0.24851412395289224,False,-0.08393335597911089,0.30161512154866993,1,False,0.3855484775277808,False,False,0.06110370468297076,0.17200331158884855,1,False,0.11089960690587779,True,False
167,0.07783497972215925,0.08572647007118446,0.1018489251335211,0.2281138599328485,True,-0.11487636235009953,0.3131450372178882,1,False,0.42802139956798774,False,False,0.011846886281973378,0.1858044119385338,1,False,0.17395752565656042,True,False
168,0.1196298486292925,0.0970473376240596,0.10184836708583357,0.11094869660873481,False,0.015472546941899017,0.20254320167529805,1,False,0.18707065473339904,True,False,0.08522392759479737,0.17594514289711582,1,False,0.09072121530231846,True,True
169,0.07833288170221703,0.10476302488507698,0.10185128938275928,0.2620600114504519,False,-0.10443949166486265,0.36564849913191316,1,False,0.4700879907967758,False,False,0.025945257175296266,0.21308965853735443,1,False,0.18714440136205815,True,False
170,0.10057247679419273,0.15258530467016715,0.10184841662910919,0.20462151017667546,False,-0.06338384742363867,0.2687793445776443,1,False,0.33216319200128297,False,False,0.0719069132511005,0.18773148589129798,1,False,0.11582457264019748,True,True
171,0.0889448970598179,0.08647625991920814,0.10185122841052945,0.2880575572728065,False,-0.15536708410871472,0.33848474349291113,1,False,0.4938518276016258,False,False,-0.017867734019626224,0.1848902281555153,2,False,0.17753316266773433,False,False
172,0.07289864345626523,0.10594140168959966,0.10184970606928823,0.2166398994229467,False,-0.056237800334031626,0.34420473630912374,1,False,0.4004425366431554,False,False,0.03126619921918275,0.24322504649341084,2,False,0.1535600459508522,True,False
173,0.07906873818507448,0.09338684019668762,0.101847840651682,0.2182115022052813,False,-0.06844599624230291,0.2733441993722684,1,False,0.3417901956145713,False,False,0.04434295501174404,0.16782462243619803,1,False,0.12348166742445399,True,False
174,0.10577998899563316,0.08645193388286787,0.10184892790170047,0.3024290146809675,False,-0.12381921840130218,0.3240580335858801,1,False,0.44787725198718226,False,False,0.0295475429736342,0.2263336601720808,1,False,0.19678611719844658,True,False
175,0.06795082329392116,0.09209321744742328,0.10184761329723921,0.1701452353050829,False,-0.049318822669204176,0.2340360951554519,1,False,0.28335491782465605,False,False,0.02318465877053289,0.15515124777267736,1,False,0.13196658900214447,True,False
176,0.10430963585064104,0.14066567770942104,0.1018475053935856,0.26470799924873517,False,-0.08303943129874224,0.2978983803218312,1,False,0.38093781162057344,False,False,0.03624758872466088,0.19844534081740917,1,False,0.16219775209274828,True,False
177,0.09540507188829969,0.11162904773526636,0.10184839181586128,0.27715989262701707,False,-0.12367126088704516,0.31460450004040297,1,False,0.43827576092744813,False,False,0.025570606222864438,0.19834489992205367,1,False,0.17277429369918923,True,False
178,0.10455332306106699,0.08847201162378518,0.1018505164741163,0.2564338245098158,True,-0.0960939862711793,0.3297969224970573,1,False,0.42589090876823654,False,False,0.0651115488074458,0.17737287604562124,1,False,0.11226132723817545,True,False
179,0.08335519914265893,0.088754305684884,0.10184949030209409,0.4151566616741673,False,-0.24692438372946407,0.4592000126246719,1,False,0.7061243963541359,False,False,0.01397824960999686,0.3441965873432955,1,False,0.3302183377332986,True,False
180,0.08629462416070238,0.09253064849850531,0.1018475674718636,0.26446934070296596,True,-0.1455045083536394,0.3170366052982452,1,False,0.46254111365188455,False,False,0.02477119980131031,0.12547799623193168,1,False,0.10070679643062136,True,False
181,0.12369439574478062,0.08934546881576104,0.10184841181870294,0.2388220963545679,False,-0.0318652041513685,0.29951574790825647,1,False,0.331380952059625,False,False,0.05985159417187459,0.1678690039604836,1,False,0.108017409788609,True,False
182,0.08245181460479709,0.11404634225788032,0.10184819085883937,0.28925350111184644,False,-0.16364043083233087,0.39553815108370827,1,False,0.5591785819160391,False,False,0.017294095182336294,0.17768738384453842,1,False,0.16039328866220212,True,False
183,0.08305794328911753,0.06321891925958265,0.1018500978221879,0.3540931849305928,False,-0.13122699214550493,0.3993093859810973,1,False,0.5305363781266021,False,False,0.0008576847297770435,0.2092803871613989,1,False,0.20842270243162186,True,False
184,0.07913759859171857,0.06866295749391654,0.10184918240779277,0.1905948201888194,True,-0.1121615558489233,0.2964509145950283,1,False,0.4086124704439516,False,False,0.03962604378160784,0.18346315862025842,1,False,0.14383711483865058,True,False
185,0.10787323955806137,0.08777535284902163,0.10185022062524868,0.17473181067258753,False,-0.04126429006835354,0.24662837885145825,1,False,0.2878926689198118,False,False,0.008855064281098517,0.1809134586829158,1,False,0.17205839440181728,True,False
186,0.12652151426410074,0.11313347941598523,0.10184796936247434,0.23385134142601666,False,-0.10175796811557718,0.34581189396128476,1,False,0.44756986207686195,False,False,0.03383931014509846,0.167214979864537,1,False,0.13337566971943854,True,False
187,0.11961310507867598,0.1276923453312434,0.10184885240341246,0.2633415429016471,False,-0.06475008147485078,0.3369224893122917,1,False,0.40167257078714247,False,False,0.07519226030219828,0.2621847292251469,1,False,0.18699246892294863,True,True
188,0.10396907796489019,0.1377293395434625,0.10184963421253099,0.21843013275361906,False,-0.06409143654424551,0.31423665584463806,1,False,0.37832809238888354,False,False,0.04240678299881462,0.1463793875723341,1,False,0.10397260457351948,True,False
189,0.07353928310134386,0.0934647565918344,0.10185061166656183,0.2654150233441659,False,-0.11750277518212578,0.28759312540411863,1,False,0.4050959005862444,False,False,0.025689762099107543,0.13870376673566376,1,False,0.11301400463655621,True,False
190,0.12375447489172402,0.11332531015367761,0.10184891772516028,0.1555472148995046,False,-0.03221811636250303,0.2809130116422475,1,False,0.31313112800475057,False,False,0.057095816028898454,0.1735233001826642,2,False,0.10975765317549505,True,False
191,0.0945957809288147,0.06924086899869647,0.10185082917262883,0.24487734154179178,True,-0.1693537861320593,0.29737119291115294,1,False,0.4667249790432122,False,False,0.04769684042597775,0.165392285063511,1,False,0.11769544463753326,True,False
192,0.09911342148710599,0.062149230250274086,0.10184860818502865,0.2579607843560341,True,-0.10576879893288153,0.32685585011999374,1,False,0.4326246490528753,False,False,0.010184477710686148,0.16410839698176355,1,False,0.1539239192710774,True,False
193,0.07658098722194727,0.07943499512714718,0.10185019484352317,0.23580561192491153,False,-0.09619498677744419,0.3017563939344452,1,False,0.3979513807118894,False,False,0.029832852421477825,0.23365124674184248,2,False,0.20093720966294842,True,True
194,0.09983671813865991,0.09864297225427344,0.10184669073546569,0.21689032188344307,True,-0.07626861413622439,0.3489923444902211,1,False,0.4252609586264455,False,False,0.0223295273742649,0.14941187521556187,1,False,0.12708234784129696,True,False
195,0.13854216727201868,0.06025034884412039,0.1018493091665735,0.393576503271994,False,-0.21625380269076996,0.5610021730875474,1,False,0.7772559757783174,False,False,0.03578664114365747,0.2864816742523134,1,False,0.25069503310865593,True,False
196,0.10365380193594693,0.11702701827930338,0.10184954282138853,0.2774836057583799,False,-0.0769643733907148,0.4000654698214742,1,False,0.477029843212189,False,False,0.031102936002802818,0.3144396916488401,3,False,0.23395129678965298,True,False
197,0.10474489679523664,0.08152680228927069,0.10184577754351441,0.1466407252557652,False,-0.005082812960088332,0.251544005767372,1,False,0.25662681872746035,False,False,0.10650450362077288,0.16386263437659038,1,False,0.0573581307558175,True,True
198,0.09431248666373854,0.10764860973523302,0.10184866675245406,0.25717413242977805,False,-0.0793414209216528,0.3787590495856065,1,False,0.4581004705072593,False,False,0.00740765993140511,0.23141905421532968,1,False,0.22401139428392458,True,False
199,0.10758697099487255,0.11810602607246566,0.10184947944829317,0.2275271037447201,True,-0.0706148530969982,0.3231151689064549,1,False,0.39373002200345314,False,False,0.06775874835367658,0.16766669361124975,1,False,0.09990794525757317,True,False
200,0.105656964294767,0.05881361656912878,0.10184941577409365,0.21241795299307528,True,-0.09225981635475534,0.29491295541002105,1,False,0.3871727717647764,False,False,0.061683315543412304,0.14923918095190775,1,False,0.08755586540849544,True,False
201,0.11687416736836398,0.09892917071458937,0.10184977014340019,0.26854984574529067,False,-0.10729473585279369,0.38855642999616186,1,False,0.49585116584895556,False,False,-0.007693424292115699,0.2569997103201562,2,False,0.23877118384917417,False,False
202,0.0969494373970122,0.10789692854405396,0.10184597539225075,0.3136375283454494,False,-0.2016004976624629,0.35399570566448096,1,False,0.5555962033269439,False,False,0.04682073699773091,0.1974276138200174,1,False,0.15060687682228646,True,False
203,0.1054374629304789,0.11765380934681346,0.10185100001275102,0.20631471135496915,False,-0.07370618673402818,0.28488331140786916,1,False,0.35858949814189733,False,False,0.04099948452609828,0.18037335280152944,1,False,0.13937386827543116,True,False
204,0.09681750874563387,0.07011081157298588,0.1018482227881168,0.2758110983613977,True,-0.15644182018621425,0.36760935408200945,1,False,0.5240511742682237,False,False,0.06173555437267566,0.1888983249748971,2,False,0.12194326312324383,True,False
205,0.0819767912987387,0.06999369904772068,0.10185020724186336,0.3259586247882108,True,-0.15251459919117755,0.40768623713133756,1,False,0.560200836322515,False,False,0.020293894129118834,0.17308796881333557,1,False,0.15279407468421674,True,False
206,0.06718269825997777,0.09702722125035661,0.1018503793670736,0.12822334923923853,False,-0.016271725058696222,0.18352848793863433,1,False,0.19980021299733056,False,False,0.04850100443200538,0.13974737442755159,1,False,0.0912463699955462,True,False
207,0.1214137277005243,0.07992391012307938,0.10184772380783104,0.18627474871007765,False,-0.09817296126077794,0.29423704230680797,1,False,0.39241000356758593,False,False,0.05336011241780261,0.21686691761922516,1,False,0.16350680520142255,True,False
208,0.09855271209524652,0.1032215636573267,0.10185009988310526,0.17830148868103762,True,-0.006875201319501015,0.2708775497862033,1,False,0.27775275110570435,False,False,0.05554629526023536,0.14990371609875935,1,False,0.094357420838524,True,False
209,0.08365709884355574,0.09049358879188903,0.10184994434020164,0.23328165669333562,True,-0.09027230440240959,0.2912491189068232,1,False,0.3815214233092328,False,False,0.019281718381810115,0.16800159235377118,1,False,0.14871987397196107,True,False
210,0.10355881674182628,0.10579495130447608,0.10184910089027159,0.24725869536960796,False,-0.08284709480121086,0.32410606335862724,1,False,0.4069531581598381,False,False,0.05983476637955356,0.14497773027588026,1,False,0.0851429638963267,True,False
211,0.10367324424746699,0.13328507225437225,0.10184852676431932,0.13769951213036913,False,-0.009606522735310822,0.2354637272007693,1,False,0.24507024993608012,False,False,0.06117724017907432,0.11331331710241417,1,False,0.05213607692333985,True,False
212,0.11635869275532482,0.10695219216084463,0.10184984285674208,0.2794871826772715,False,-0.12942010182717906,0.2917043839844154,1,False,0.42112448581159445,False,False,0.018387832048075422,0.19819523879121528,2,False,0.16107954238343264,True,False
213,0.09046719477647691,0.05702759746419598,0.10184895961441856,0.2964832967815851,False,-0.13578876489083955,0.3548953128494455,1,False,0.490684077740285,False,False,0.016127547560393876,0.18608586714429473,1,False,0.16995831958390084,True,False
214,0.08940757005450478,0.10899335184298958,0.10184802241270366,0.2736476529295155,True,-0.13165857646960963,0.3178369647739681,1,False,0.4494955412435777,False,False,0.050298813876421176,0.15958537681272755,1,False,0.10928656293630637,True,False
215,0.08575787252587713,0.0410735210357449,0.10184797442539494,0.2495729821277793,False,-0.10681420485059742,0.323998992693281,1,False,0.43081319754387837,False,False,0.05459448374682789,0.1757759655876973,1,False,0.12118148184086942,True,False
216,0.09340663193055271,0.08546134492141222,0.10184755515172948,0.19416452388446928,False,-0.047869340962117354,0.2565213323872052,1,False,0.30439067334932257,False,False,0.05937339089731056,0.18466288343095327,3,False,0.08340517774668141,True,False
217,0.10529513901816004,0.10214909087077728,0.10184868202600604,0.23908986799919818,True,-0.1206711890141178,0.30710370112786994,1,False,0.4277748901419878,False,False,-0.06836460759761082,0.18297787889177608,1,False,0.2513424864893869,False,False
218,0.10735554557077975,0.08893867155167226,0.10184866351635952,0.21430558607282182,True,-0.06662914041753942,0.2878764908648345,1,False,0.35450563128237395,False,False,0.08269235114017365,0.18906802183208907,2,False,0.08565626355427511,True,True
219,0.11845499055263412,0.08810402033999974,0.10184977553932198,0.346970039287244,False,-0.20258804052389962,0.3861838634882449,1,False,0.5887719040121445,False,False,0.02028893132437691,0.17484797542480485,1,False,0.15455904410042792,True,False
220,0.09427665871574589,0.07440316663327816,0.10184804112154124,0.28052257083566495,True,-0.13533422560755679,0.37456140255431003,1,False,0.5098956281618668,False,False,0.008598581307947557,0.22132030249471837,1,False,0.21272172118677082,True,False
221,0.09028165889512318,0.10936773459909986,0.10184950825995984,0.2678748751805832,False,-0.10975394802365777,0.320596653921033,1,False,0.43035060194469077,False,False,0.047758838737880144,0.1441153184980098,1,False,0.09635647976012965,True,False
222,0.1312393720630181,0.10027210284760167,0.10184952353947523,0.3106280593312834,False,-0.12570790923599748,0.3825901365464616,1,False,0.5082980457824591,False,False,0.059875304139823796,0.20959980575588738,1,False,0.1497245016160636,True,False
223,0.07574576932721233,0.09361594924476561,0.10184945133159944,0.26293070960696374,False,-0.1578952949088764,0.31888372672216414,1,False,0.4767790216310406,False,False,0.05769040944221662,0.16438675185698204,1,False,0.10669634241476542,True,False
224,0.07704206707959704,0.11428619595305753,0.10184895666826639,0.2265374749903548,True,-0.1130366967234299,0.30084940908115143,1,False,0.41388610580458135,False,False,0.03103167391669876,0.1553978138271392,1,False,0.12436613991044043,True,False
225,0.1205419056526644,0.1180882283587957,0.10184824997090715,0.26762851511344427,True,-0.11298571098078056,0.3885814590456617,1,False,0.5015671700264422,False,False,0.05423593787478806,0.22197619781353706,1,False,0.167740259938749,True,False
226,0.10284285893972883,0.11691747768499643,0.10184966466113649,0.24734586103631573,False,-0.13021029924294067,0.2917235920838934,1,False,0.4219338913268341,False,False,0.06477887841667465,0.17749963903352356,1,False,0.11272076061684891,True,False
227,0.13547761434682107,0.11136454192164642,0.1018509021862587,0.25641133737696653,False,-0.12329988148009227,0.4255869843821986,1,False,0.5488868658622909,False,False,0.08885190545478082,0.1680452357817328,1,False,0.07919333032695199,True,True
228,0.11991626398592745,0.08392134753307934,0.10184950027479493,0.3329117157503132,True,-0.15054441435759436,0.49167217368667526,1,False,0.6422165880442696,False,False,0.0663796271676173,0.2791700052171998,1,False,0.2127903780495825,True,False
229,0.10407529930112784,0.08463959610185658,0.10184842474603027,0.26202324988913483,True,-0.1204490393155346,0.3512227870827146,1,False,0.4716718263982492,False,False,0.05999823108458566,0.17775104998015961,1,False,0.11775281889557396,True,False
230,0.09876146928617889,0.13340617498785662,0.10184870729616535,0.14768499957717085,False,0.0009581043048151809,0.24005843944333966,1,False,0.23910033513852447,True,False,0.07487300664166316,0.16584656625014188,2,False,0.08243070602261032,True,True
231,0.12396070008566844,0.1212619490102582,0.10184970385128522,0.378629784564424,False,-0.21924296941964427,0.4432338999950854,1,False,0.6624768694147296,False,False,0.04748364782580096,0.21191283689274393,1,False,0.16442918906694298,True,False
232,0.13116316444750975,0.07717345787101479,0.1018506672089625,0.23874836365879923,False,-0.10391769194279435,0.3034224420912067,1,False,0.40734013403400104,False,False,0.010265220579330379,0.2002886599348806,1,False,0.19002343935555022,True,False
233,0.10950397541967383,0.12948705814025616,0.1018465834416742,0.23966289459594134,True,-0.12590206928877026,0.26991979522134896,1,False,0.39582186451011925,False,False,0.03828547656066454,0.18905908587424874,1,False,0.1507736093135842,True,False
234,0.06253777975442218,0.0935668777553355,0.10184964762730486,0.2509617609954242,True,-0.14536247395783447,0.32433318203415745,1,False,0.4696956559919919,False,False,0.014417587047870384,0.19692324206999967,1,False,0.1825056550221293,True,False
235,0.07875819064422925,0.11256167947438273,0.10184945323320012,0.11494307822763594,False,0.017632788048883796,0.19773915972065845,1,False,0.18010637167177465,True,False,0.035627099629230434,0.19665059630321846,2,False,0.09530427867635008,True,False
236,0.09603893872628073,0.11237189422031131,0.10184927497855513,0.18886983092319246,True,-0.041608708722172996,0.2647704583582155,1,False,0.3063791670803885,False,False,0.04926645410410892,0.1787076566040079,2,False,0.10599642776613553,True,False
237,0.0573195217752988,0.08828937070754639,0.1018497945981736,0.31810580589244575,False,-0.13654568815669263,0.3795731924531202,1,False,0.5161188806098128,False,False,0.0015058201164832627,0.16765980538485958,1,False,0.16615398526837633,True,False
238,0.118570046446038,0.10063686579974612,0.10184945866255427,0.19126960362297313,False,-0.03801368536346574,0.35411945552269897,1,False,0.3921331408861647,False,False,0.08090731573629995,0.30325719561832243,1,False,0.22234987988202248,True,True
239,0.11133912598071127,0.13371316054497276,0.10185058731466869,0.34276417461365755,False,-0.16219886482834522,0.4143725627949169,1,False,0.5765714276232621,False,False,0.04134148411293234,0.1992604069151523,1,False,0.15791892280221995,True,False
240,0.10807801319467723,0.12548655802034123,0.10184825989142532,0.22820275949132338,True,-0.0910648953461695,0.3026620451746735,1,False,0.393726940520843,False,False,0.02023428780192705,0.17592029227932804,1,False,0.155686004477401,True,False
241,0.07903673060540528,0.06309496064327541,0.10185084495176339,0.16183946386794773,False,-0.017628962852719757,0.20965837416544583,1,False,0.22728733701816559,False,False,0.061625265833043064,0.16142927307843505,1,False,0.09980400724539198,True,False
242,0.07929883741761962,0.0891254711956595,0.10184802250302204,0.33940592373099016,False,-0.20491617416857183,0.40661826494332737,1,False,0.6115344391118992,False,False,0.012632833554146895,0.21503566896034998,1,False,0.20240283540620307,True,False
243,0.11844724339788289,0.09253984382221456,0.10184621041417044,0.2091883188784133,False,-0.04521339845947781,0.27521964206399796,1,False,0.32043304052347577,False,False,0.04911782552963216,0.1882516355589437,2,False,0.12370104356457388,True,False
244,0.12568059725924277,0.09635341883275235,0.10184943807437223,0.19741902146901258,False,-0.06497239353268568,0.2818534387504882,1,False,0.3468258322831739,False,False,0.06688499609946028,0.160024816440435,1,False,0.09313982034097473,True,False
245,0.07948366968730014,0.09415387285046094,0.10184965344036843,0.2843014021108571,True,-0.138137752060374,0.3316404557417982,1,False,0.46977820780217217,False,False,0.024913357003652617,0.15577438449105804,2,False,0.12540043938171525,True,False
246,0.11539730232365976,0.11014515400438099,0.10184979153327336,0.3998692432743598,False,-0.27913678831250016,0.4661859087900003,1,False,0.7453226971025004,False,False,0.007223072586760457,0.29838140843365113,3,False,0.2886393825043691,True,False
247,0.1161238669856433,0.09831356681320709,0.10184891021049522,0.15399043544924312,True,-0.03222994405796181,0.2876888233739263,1,False,0.31991876743188813,False,False,0.08131260033278129,0.1921516757598054,1,False,0.11083907542702412,True,True
248,0.09888619665558777,0.06245601916598619,0.10184744001674716,0.22469933263491393,False,-0.06775927862636041,0.32722995639445046,1,False,0.39498923502081085,False,False,0.02043115900286331,0.17530943478383715,1,False,0.15487827578097385,True,False
249,0.10417713096929139,0.07114197580789781,0.10184914343351784,0.23697183081963585,True,-0.10307527989040395,0.27974411552115697,1,False,0.3828193954115609,False,False,0.06332553155052559,0.17168307976962627,1,False,0.10835754821910068,True,False
250,0.11962992830505575,0.09396870780846119,0.10184935434747779,0.25212651987795043,False,-0.05426077699636508,0.3477719562962309,1,False,0.402032733292596,False,False,0.08072242970141227,0.23075041482516329,2,False,0.14649930674812295,True,True
251,0.09417792698066199,0.08599273403575286,0.10184914448187306,0.30330246698604424,False,-0.14791515820563592,0.3372637909256015,1,False,0.4851789491312374,False,False,0.03918475482601555,0.1704954610716239,1,False,0.13131070624560834,True,False
252,0.06853658183545755,0.08380316229312586,0.10184930796241658,0.21917440050807394,False,-0.10596451583341027,0.26118513802100884,1,False,0.3671496538544191,False,False,0.03560227381835762,0.1641581947957505,1,False,0.12855592097739288,True,False
253,0.08126195597091121,0.10708990743388704,0.10185002445910049,0.2666566103533837,False,-0.14800185658038836,0.3321423880519445,1,False,0.48014424463233285,False,False,0.026816149399505464,0.19102461679933488,2,False,0.16301279983069134,True,False
254,0.0625472385413074,0.08134854032577395,0.10184877224193484,0.20866791931123718,False,-0.08051449370397291,0.247807963388223,1,False,0.32832245709219593,False,False,0.04401745138183463,0.1898560310904311,1,False,0.14583857970859646,True,False
255,0.09621710734318834,0.1214227656202778,0.101848211422028,0.26422052246877337,True,-0.15318479321458325,0.31130924415247035,1,False,0.46449403736705364,False,False,0.007074477902905007,0.18290953089572715,2,False,0.1699377959088003,True,False
256,0.11556093106470736,0.10814281184651006,0.10185030832836053,0.2541713297141412,True,-0.07855577465353109,0.32259944466535123,1,False,0.4011552193188823,False,False,0.05881753287943703,0.18249282188697244,1,False,0.12367528900753541,True,False
257,0.09007200495484108,0.12546129021937039,0.10184929409766107,0.19629299778332743,True,-0.022698934393970683,0.2673712212380404,1,False,0.2900701556320111,False,False,0.04349637393825632,0.19022999836857937,3,False,0.1441783397061026,True,False
258,0.08426607215867356,0.08426619019256312,0.1018502597738129,0.19651949640733096,True,-0.057295571723671175,0.30530857581475845,1,False,0.3626041475384296,False,False,0.042608865077039815,0.18226454600215974,1,False,0.13965568092511993,True,False
259,0.0995031279641479,0.12297479078592752,0.10184870036078734,0.27910007933416336,False,-0.1448656669026713,0.3313668521906035,1,False,0.4762325190932748,False,False,0.04190159093790584,0.15698455792035954,1,False,0.1150829669824537,True,False
260,0.11724362157704693,0.09973645815961428,0.10184947024115783,0.31960745261085743,True,-0.19890225243213147,0.3786137612116335,1,False,0.5775160136437649,False,False,0.04358231916646545,0.2254243955371597,1,False,0.18184207637069427,True,False
261,0.10946853325829026,0.09596679815849399,0.10185078461167162,0.32291732799731987,False,-0.20176548490938512,0.34493854174476757,1,False,0.5467040266541527,False,False,0.046110736598546045,0.15121313652882085,1,False,0.1051023999302748,True,False
262,0.08865654909568128,0.12896731890898455,0.10184907183709271,0.20711448016705583,False,-0.07173323381265034,0.2867887022406546,1,False,0.35852193605330496,False,False,0.011022252777032397,0.13415618844179455,1,False,0.12313393566476216,True,False
263,0.12734415989617365,0.0989222283414659,0.10184980728589603,0.25884785659788584,False,-0.12437121069655417,0.3403390034812362,1,False,0.46471021417779035,False,False,0.06322932764762174,0.22401438049475103,1,False,0.1607850528471293,True,False
264,0.09620307807429063,0.061818244152130386,0.10185025115244097,0.2533001289180527,True,-0.0993468207903748,0.3269277322099452,1,False,0.42627455300032,False,False,0.04979062115863045,0.1903908254272954,1,False,0.14060020426866496,True,False
265,0.12276782498152972,0.09473939469501046,0.10184912293192964,0.3397451984590904,False,-0.17337798876918126,0.5091893567233539,1,False,0.6825673454925352,False,False,-0.011024328870454687,0.23150985144306624,2,False,0.23405524169973058,False,False
266,0.11525197257043876,0.08049762757475847,0.1018485861175823,0.2892227426343712,False,-0.13996830939014665,0.34612826182571815,1,False,0.4860965712158648,False,False,0.0442155905518576,0.15712745996545424,1,False,0.11291186941359664,True,False
267,0.12777164485611925,0.09086892724036091,0.10184890249688122,0.2662609235502238,False,-0.13358901529050188,0.3206535081985414,1,False,0.45424252348904326,False,False,0.08088407084193454,0.199259416925137,1,False,0.11837534608320245,True,True
268,0.09381090914521562,0.09789253175022046,0.10184914053645021,0.2399064204951218,False,-0.04911312990461464,0.3190695060069615,1,False,0.36818263591157613,False,False,0.05962505320030858,0.22520052864675416,1,False,0.16557547544644557,True,False
269,0.07837629424513617,0.10041302571533994,0.10184826212656081,0.2483113171442487,False,-0.08648328626652746,0.3144590645614933,1,False,0.40094235082802077,False,False,0.0047085213743844855,0.1479245931641205,1,False,0.143216071789736,True,False
270,0.10052331520424268,0.057973075096594946,0.10184787467109811,0.1560528052546857,False,-0.010011791866245,0.25190566126154035,1,False,0.26191745312778536,False,False,0.055916899248467745,0.16880340737801475,1,False,0.11288650812954701,True,False
271,0.09756311214328406,0.05665519099398084,0.10185008810339571,0.2279242302997409,False,-0.04574023054781931,0.30142346638832374,1,False,0.347163696936143,False,False,0.053532604826067684,0.1491981195430998,1,False,0.09566551471703212,True,False
272,0.0728155937616965,0.1140427243286623,0.10185072986554092,0.3331683122533769,False,-0.16118180801130141,0.40468499983134354,1,False,0.565866807842645,False,False,0.03215610052531856,0.13592355574149387,1,False,0.10376745521617531,True,False
273,0.10364647255880341,0.11061607038932401,0.10184766534147656,0.2530556501806637,False,-0.10271060502052154,0.3038315463300657,1,False,0.40654215135058724,False,False,0.03672518225358298,0.14630251100045608,2,False,0.10791789265784069,True,False
274,0.09430718493109759,0.11078619653498982,0.10184835923593867,0.2649448666633544,False,-0.09271049237697504,0.35452022477514733,1,False,0.44723071715212237,False,False,0.04482616317925947,0.16157286500246543,1,False,0.11674670182320596,True,False
275,0.10800357464740307,0.07692226592081026,0.10185031704549508,0.24163412953047325,False,-0.09938067689448098,0.30847015840699943,1,False,0.4078508353014804,False,False,0.043896714256094545,0.15887684865775437,1,False,0.11498013440165983,True,False
276,0.08054767132561746,0.08987461432930695,0.10185021283129207,0.29553965766027346,False,-0.11396096667187901,0.405563695359929,1,False,0.519524662031808,False,False,0.012332795072184868,0.13503821759687895,2,False,0.11006323228523814,True,False
277,0.12800935662752447,0.10299655950018459,0.10184869536746767,0.2787136863031919,False,-0.09183632814481846,0.34238678592605326,1,False,0.4342231140708717,False,False,0.042084399889522076,0.19749129606881527,1,False,0.1554068961792932,True,False
278,0.08746250801268526,0.1497038359893069,0.10184951629533684,0.20613318390954602,True,-0.07002074430649516,0.2682202341925946,1,False,0.33824097849908974,False,False,0.03444556713448163,0.19996260950991263,1,False,0.165517042375431,True,False
279,0.11767564523353438,0.11956022272781736,0.10184943879061222,0.2134089298362426,False,-0.07475780069074686,0.2860543818373238,1,False,0.3608121825280707,False,False,0.049865883083869134,0.15859407725776822,1,False,0.10872819417389909,True,False
280,0.08036541615517145,0.09941457771513364,0.10184913764991,0.19491768669890833,False,-0.04732522399976386,0.23994103067715283,1,False,0.2872662546769167,False,False,0.06459140994221142,0.15765053535182746,1,False,0.09305912540961604,True,False
281,0.095235312349051,0.12292712847594277,0.10184929135048772,0.4000362768209686,False,-0.2443023405782243,0.4478823517083211,1,False,0.6921846922865453,False,False,0.05133814448855207,0.26241915253321535,1,False,0.2110810080446633,True,False
282,0.09087152861263198,0.10652045845060622,0.10184934006245881,0.16508238103552247,False,-0.04932717534808282,0.23251500398749284,1,False,0.28184217933557565,False,False,0.02901621980693149,0.14799300356699352,1,False,0.11897678376006203,True,False
283,0.11003318027488124,0.10627578619962444,0.10185078850470952,0.3133850618581014,False,-0.13389599392800774,0.3945993573550933,1,False,0.5284953512831011,False,False,0.08087189646536488,0.22815925832987216,1,False,0.14728736186450728,True,True
284,0.06017567456356846,0.055283258253296504,0.10185001769066426,0.2580483711443965,False,-0.11328698284751011,0.2993078371843452,1,False,0.4125948200318553,False,False,-0.007045617963267423,0.19344679626985548,1,False,0.2004924142331229,False,False
285,0.068966615659169,0.06885779384120941,0.10184737327528946,0.20128307707523624,False,-0.08754086197091204,0.27425090276450276,1,False,0.3617917647354148,False,False,0.002354908957817309,0.20263478916572467,2,False,0.17484220786386692,True,False
286,0.12299636996091728,0.12784616360144482,0.1018485918462056,0.27724923669457546,True,-0.13798781635734814,0.353447817054219,1,False,0.49143563341156715,False,False,0.04488167793641114,0.18721634547538574,1,False,0.1423346675389746,True,False
287,0.11600500228129182,0.11089101664114573,0.10185091893785905,0.33331039726206724,True,-0.16970238525580006,0.4319297808984661,1,False,0.6016321661542662,False,False,0.01954604962835912,0.20974663453748726,1,False,0.19020058490912814,True,False
288,0.09752367306949838,0.11851204069343488,0.10184917597594718,0.2736672370893775,False,-0.08243573090992722,0.3724330048461182,1,False,0.4548687357560454,False,False,0.04937788772917335,0.19267322951014398,1,False,0.14329534178097064,True,False
289,0.10096414268261053,0.10895864441049519,0.10184824796954232,0.29802691211272586,True,-0.16218060445489532,0.35547802390087907,1,False,0.5176586283557744,False,False,0.03406661411708269,0.2410661894435932,1,False,0.2069995753265105,True,False
290,0.0937557661301319,0.09189077754901,0.10184935772431798,0.2986401510865124,False,-0.15852202648086627,0.3872801393495238,1,False,0.5458021658303901,False,False,0.047382761232831076,0.19422263565042858,1,False,0.1468398744175975,True,False
291,0.09752009503102144,0.10267694408944526,0.10185029303164267,0.1897118783147129,True,-0.11719699724532771,0.27746322583073274,1,False,0.39466022307606047,False,False,0.024956181010645187,0.1869552035271967,2,False,0.15764632119736038,True,False
292,0.10347993931422829,0.1221048261948343,0.10184816440372937,0.2498994751675438,False,-0.08718801287353072,0.3277211471542776,1,False,0.4149091600278083,False,False,0.015260159773496765,0.1654581476041349,1,False,0.15019798783063815,True,False
293,0.06357130894079341,0.10750868468174582,0.10184940126242677,0.327371016648652,False,-0.19049391969667098,0.4091577384739704,1,False,0.5996516581706414,False,False,0.015388877439336843,0.21187830794672394,2,False,0.17014410942239247,True,False
294,0.11881835238309246,0.11231848442665408,0.1018473822791202,0.3023385749430367,True,-0.12404262086499286,0.38197964647765464,1,False,0.5060222673426475,False,False,0.051961475513016706,0.1909378479730739,1,False,0.13897637246005717,True,False
295,0.10426614464853295,0.09669901381117563,0.10184998662782178,0.2228484801954379,True,-0.09020780755466781,0.2550865777245274,1,False,0.3452943852791952,False,False,0.041927968059615364,0.1501043159943227,1,False,0.10817634793470733,True,False
296,0.10893775842164319,0.11172274162256354,0.10184973722320732,0.23639598888827273,True,-0.09383111665365146,0.30812906810572976,1,False,0.4019601847593812,False,False,0.04696288369503121,0.17221948850919713,1,False,0.12525660481416592,True,False
297,0.09937257237268898,0.12384363415663692,0.10184781611587994,0.3308736369139588,True,-0.17950186859260886,0.43991791411483755,1,False,0.6194197827074464,False,False,0.015006473844182092,0.1850825296974865,1,False,0.17007605585330443,True,False
298,0.06243418158678801,0.1029254586020164,0.10184743297723643,0.39210639982673867,False,-0.25021608096385356,0.49403790861742114,1,False,0.7442539895812748,False,False,0.0035662518780670296,0.255665661595742,1,False,0.25209940971767497,True,False
299,0.09674532772670633,0.05372732757616728,0.10184895191778054,0.2660526096834255,False,-0.13646222479714476,0.4162198475483716,1,False,0.5526820723455164,False,False,0.013640837670870334,0.23200562079877113,1,False,0.2183647831279008,True,False
300,0.10224467664065229,0.10655768265453006,0.10184875282046961,0.27107694444408537,False,-0.11251172972947591,0.35770601210002495,1,False,0.4702177418295009,False,False,0.038207241463880014,0.12876405765048207,1,False,0.09055681618660205,True,False
301,0.13228964752298195,0.14343499882030564,0.10184954495252571,0.2709423847737511,False,-0.08438631634934834,0.36416695472916694,1,False,0.4485532710785153,False,False,0.07128517296316517,0.1769695666911681,1,False,0.10568439372800292,True,True
302,0.07179314049663689,0.08815725040892185,0.10185114509444597,0.34743089851332853,False,-0.25571265414026073,0.360899644258402,1,False,0.6166122983986627,False,False,0.03924421055701842,0.20799971867985229,1,False,0.16875550812283385,True,False
303,0.08313062426301254,0.0788228496450183,0.10184983037651339,0.22505420230055762,False,-0.06518686116535558,0.3156031469171845,1,False,0.38079000808254004,False,False,0.053590472814569454,0.18904076995685976,1,False,0.1354502971422903,True,False
304,0.10503691213729745,0.10737424494879114,0.10184912724851966,0.22988371595671345,False,-0.060305512756865486,0.2880240520585991,1,False,0.34832956481546457,False,False,0.05176845116218927,0.21708135343363338,1,False,0.16531290227144413,True,False
305,0.05653142998860506,0.10469769129618213,0.10184847028078513,0.19425247589998415,False,-0.04518754087621749,0.2573629392655451,1,False,0.3025504801417626,False,False,0.04678467226393501,0.16780478179744301,2,False,0.10133343643304993,True,False
306,0.0885869405619572,0.09026276680208255,0.10185000138621512,0.1793410317809311,False,-0.04448690565782149,0.25903483032335833,1,False,0.3035217359811798,False,False,0.0846959145945495,0.22810857356897266,1,False,0.14341265897442315,True,True
307,0.10942118812994521,0.08379393348265282,0.10184862528845848,0.27628006791676213,False,-0.08051817278414491,0.34244692805844335,1,False,0.42296510084258826,False,False,0.020945603638282434,0.17351394680116977,2,False,0.15238362802145797,True,False
308,0.07040025810453748,0.06517006771428818,0.10184975560681173,0.3528362403074533,False,-0.16775759669348767,0.3961646099818155,1,False,0.5639222066753031,False,False,-0.0017462100752610767,0.179310100474106,1,False,0.18105631054936708,False,False
309,0.09840576176862112,0.07338508720668165,0.10184855433546333,0.29164009639740884,False,-0.10493775285843854,0.3114156678441663,1,False,0.41635342070260484,False,False,0.06491059385632961,0.17603214459972882,1,False,0.11112155074339922,True,False
310,0.09895348837902818,0.09171952354516005,0.10184984073766734,0.2907446556218387,True,-0.1377504737511241,0.4676903520660987,1,False,0.6054408258172228,False,False,0.039598744445869485,0.25735958977707274,1,False,0.21776084533120327,True,False
311,0.11694900610200995,0.11370622256622896,0.10184969529266191,0.20766068466155882,False,-0.052724054844128856,0.2821887014492376,1,False,0.3349127562933664,False,False,0.06608265136499972,0.2101615661999533,1,False,0.14407891483495358,True,False
312,0.14548760057615254,0.07478453524831785,0.10184929387701638,0.1886972318897331,True,-0.03446443949129454,0.3369302487350874,1,False,0.37139468822638194,False,False,0.08034204796434954,0.21771176357356142,1,False,0.13736971560921188,True,True
313,0.09944904576400436,0.1620272604873008,0.10185066918766374,0.3270382853632183,False,-0.21334616194923375,0.3382961597821031,1,False,0.5516423217313369,False,False,0.05875379331386204,0.22290687756162347,1,False,0.16415308424776143,True,False
314,0.06576968461200042,0.08535367672114225,0.10184898834287348,0.3144191351418439,False,-0.17238530304227678,0.33755997784006453,1,False,0.5099452808823413,False,False,0.00021167754233434834,0.1529420977836642,1,False,0.15273042024132985,True,False
315,0.08985910853538734,0.06030126816294623,0.10184877468939586,0.25317612181616916,True,-0.1039387270216013,0.33004394496693856,1,False,0.43398267198853985,False,False,0.005416219935226282,0.16825130739892113,1,False,0.16283508746369485,True,False
316,0.09939538013864346,0.1063243229947922,0.10185068516544164,0.2907874231913066,False,-0.17028331356416151,0.358879918010358,1,False,0.5291632315745195,False,False,0.02121159992737766,0.16880300052548602,1,False,0.14759140059810838,True,False
317,0.10687083760757224,0.05583570785632806,0.10184862964054414,0.2906719091243044,False,-0.12688264244244896,0.3666906347091331,1,False,0.49357327715158206,False,False,0.058842188862066144,0.20041231705217144,1,False,0.14157012819010528,True,False
318,0.08723412571430597,0.10245628476232535,0.101849464467131,0.2509419704585924,False,-0.06521976549364489,0.3335696087048696,1,False,0.3987893741985145,False,False,0.08425768806655913,0.19689785064953774,1,False,0.11264016258297861,True,True
319,0.08965840798886736,0.14333705957889145,0.10184694220964535,0.26609895114550547,False,-0.10933173825894779,0.3670265016078294,1,False,0.47635823986677717,False,False,0.03970156634479849,0.20827560030104453,1,False,0.16857403395624604,True,False
320,0.11395084916396306,0.13339000987161795,0.10185012126708425,0.18949623428304044,False,-0.026380896901188153,0.2637156808044274,1,False,0.2900965777056156,False,False,0.06944752877727589,0.21814676921785348,1,False,0.14869924044057758,True,False
321,0.11832665932156369,0.10007261440797606,0.10184960819467818,0.23591161643093572,True,-0.08846614160219832,0.3153694907608403,1,False,0.40383563236303865,False,False,0.005911078102557789,0.1835098975631654,1,False,0.17759881946060763,True,False
322,0.09858382351015248,0.08293453398180432,0.101848834550354,0.20883657633102004,False,-0.06325529342788729,0.2654053477701319,1,False,0.3286606411980192,False,False,0.052537770717154125,0.1412687704987266,1,False,0.08873099978157248,True,False
323,0.0832222045674027,0.09385003339602456,0.10184840205321408,0.2087660595447634,False,-0.06267023347953272,0.26769372390417345,1,False,0.33036395738370616,False,False,0.0762987375903559,0.1525158650843027,1,False,0.07621712749394681,True,True
324,0.11530957773005733,0.0837901010145398,0.10184794373407964,0.15879961586590463,True,-0.03522529157168504,0.24400123522176526,1,False,0.2792265267934503,False,False,0.08047795940449273,0.1522083151879949,1,False,0.07173035578350218,True,True
325,0.07491346229372876,0.08792685566548067,0.1018496729702046,0.10916004575555599,False,0.0017203407658624215,0.203536258437311,1,False,0.20181591767144857,True,False,0.05372152810216214,0.1638177803164918,2,False,0.10886722617584721,True,False
326,0.13943103904340207,0.11697531459339482,0.10184862876578075,0.1243329277893742,False,0.019525041786998144,0.22890242726716653,1,False,0.20937738548016838,True,False,0.06745463245781705,0.16065720967393832,1,False,0.09320257721612127,True,False
327,0.07357733797687825,0.10052552846198114,0.10185038590522948,0.2535866756296526,False,-0.09935916578862165,0.3397908109163107,1,False,0.43914997670493233,False,False,0.04866352013808531,0.17134581711826105,2,False,0.12244324790745408,True,False
328,0.0919833181605998,0.0643828643646805,0.10184830674755713,0.1979043957109301,True,-0.09479678094800509,0.22837814396923994,1,False,0.32317492491724503,False,False,0.04456396228116006,0.12918427626037138,1,False,0.08462031397921133,True,False
329,0.09719810385303629,0.07700065475442006,0.10184975776013781,0.19887367614375676,False,-0.05307033279507011,0.28366396716305525,1,False,0.33673429995812537,False,False,0.054732982051052745,0.15423158706255014,1,False,0.09949860501149739,True,False
330,0.08959683770655591,0.10023358145411695,0.10184955429711012,0.2516883118866372,False,-0.12530144266017104,0.30213142259713377,1,False,0.42743286525730484,False,False,0.0591669255932011,0.1985140443711778,1,False,0.1393471187779767,True,False
331,0.10972971379513977,0.09245673595520905,0.10185048904224843,0.3017788601198728,True,-0.18672430594939438,0.37734148139140267,1,False,0.564065787340797,False,False,-0.04195130696682138,0.1736198422138749,1,False,0.21557114918069625,False,False
332,0.09241781531694596,0.12155112856467838,0.10185030720586374,0.18239140839799745,False,-0.07304441157213394,0.274794893691157,1,False,0.34783930526329093,False,False,0.056752532411946846,0.17977109809482994,1,False,0.1230185656828831,True,False
333,0.10643410626681164,0.10940667622787757,0.10184876808102686,0.12279749501464828,False,0.0025377140601826964,0.2162125948221137,1,False,0.213674880761931,True,False,0.06313282845667084,0.1752574779452277,1,False,0.11212464948855685,True,False
334,0.08678822042486907,0.11182935843252004,0.1018481553304506,0.4009646837801889,False,-0.2542445846284043,0.5511303004720305,1,False,0.8053748851004348,False,False,-0.03855683066973342,0.2001546871702765,1,False,0.23871151784000993,False,False
335,0.09536615677238534,0.11808596705969501,0.10184935296165601,0.17243396922280904,True,-0.024306467276479084,0.2261245993929453,1,False,0.2504310666694244,False,False,0.07083384388109572,0.1675813515361571,1,False,0.09674750765506139,True,False
336,0.09113955050761188,0.11900036168128168,0.10184609231797176,0.290832532460502,True,-0.15378275898988825,0.33305828573054985,1,False,0.4868410447204381,False,False,0.06591236225009398,0.1648005010211832,1,False,0.09888813877108923,True,False
337,0.06761035352619287,0.11233490685777482,0.10184806686772753,0.2520682318886594,False,-0.10809682701098901,0.2962134640316171,1,False,0.4043102910426061,False,False,0.04089878134904562,0.18689100989742563,1,False,0.14599222854838,True,False
338,0.12433370291303485,0.1373612839147235,0.10184895440187948,0.22741653055451672,False,-0.03924826429765264,0.2676915958760978,1,False,0.30693986017375047,False,False,0.08066746364145189,0.21833666033486926,1,False,0.13766919669341737,True,True
339,0.09392063070849119,0.10255719540309614,0.10184951381983165,0.35580000974873477,False,-0.17847791215553363,0.3881954094507925,1,False,0.5666733216063261,False,False,0.013045489952997931,0.25035787380736496,2,False,0.22044949083573168,True,False
340,0.06545355296478027,0.08582679813615778,0.10184999451754798,0.31606174646356944,False,-0.17161224708272735,0.3996097041330811,1,False,0.5712219512158084,False,False,-0.010102930056678481,0.29718510874597637,2,False,0.29694635810363845,False,False
341,0.09072340523882547,0.12474316312135585,0.10184955967549786,0.32711147890962944,False,-0.17223695603065262,0.4128390102040275,1,False,0.5850759662346802,False,False,0.01684317036773533,0.22523696337986,1,False,0.20839379301212466,True,False
342,0.05717372900691362,0.09387357363715443,0.10185048978712,0.30063726944861113,False,-0.16056343671575915,0.3636287910286795,1,False,0.5241922277444386,False,False,-0.006582061908103353,0.19855507282081364,1,False,0.20513713472891698,False,False
343,0.08021404847276618,0.09779401413045952,0.10185165136073701,0.2007286540680791,False,-0.06619528590791725,0.31010449151109365,1,False,0.3762997774190109,False,False,0.03659319997939852,0.18038630888262203,1,False,0.1437931089032235,True,False
344,0.11162310430358342,0.10409351665307301,0.10184766578948182,0.42867164598841756,False,-0.2253142637949807,0.436444333196979,1,False,0.6617585969919597,False,False,0.042816313677284806,0.20662976225032512,1,False,0.1638134485730403,True,False
345,0.11659769294138508,0.1083623231774506,0.10184945389150205,0.16184725190851576,False,-0.034821557036294,0.2697510823232707,1,False,0.3045726393595647,False,False,0.08414448752852444,0.18049477662525787,1,False,0.09635028909673343,True,True
346,0.10810600618817767,0.11736536387605664,0.10185069143163224,0.3127308018938291,False,-0.15181550602206417,0.37545169703881887,1,False,0.527267203060883,False,False,0.039514370977326435,0.21473127291979385,2,False,0.17264431898686494,True,True
347,0.10907180992924548,0.10480650397191016,0.10184991834482258,0.16567479121399906,False,-0.024299422952810366,0.23155305595670064,1,False,0.255852478909511,False,False,0.05537423792747241,0.1813051046119605,2,False,0.12172291202859596,True,False
348,0.10904587259440261,0.09232299115664898,0.10184767282140628,0.23801163284882582,False,-0.09578752734391065,0.4048364712440127,1,False,0.5006239985879233,False,False,0.0018072116272633307,0.1453329284148678,2,False,0.1283219383545014,True,False
349,0.11024678260941484,0.11641097853285687,0.10184959000407617,0.29397728754211705,True,-0.09970103893324415,0.37374711653671205,1,False,0.4734481554699562,False,False,0.06730478102217405,0.1598695907434891,1,False,0.09256480972131506,True,False
350,0.12930765634402325,0.07859054425844743,0.10184909569088293,0.19747128827731725,True,-0.09124605894271809,0.30901303031827476,1,False,0.40025908926099285,False,False,0.08815515734466438,0.22159914211589937,1,False,0.13344398477123498,True,True
351,0.11814660825874418,0.10507510384498439,0.1018501302736306,0.347418355450617,True,-0.19195939748373542,0.38412940629170816,1,False,0.5760888037754436,False,False,0.09283541998652999,0.21259419438763158,1,False,0.1197587744011016,True,True
352,0.11896684793745427,0.12843299763975852,0.1018498792533952,0.2907994394322856,True,-0.0948546763911212,0.4182007832364745,1,False,0.5130554596275957,False,False,0.05483589106348996,0.21345593974106838,1,False,0.15862004867757842,True,False
353,0.12702309770108805,0.1330817776109698,0.10185024767114158,0.2422304352328415,True,-0.07042589182999882,0.308057903708354,1,False,0.3784837955383528,False,False,0.0821082635979367,0.2153787122330732,1,False,0.13327044863513648,True,True
354,0.08435513134724242,0.08813029890661016,0.10184988021312323,0.2127167177977281,False,-0.07297689806247476,0.2578254201834695,1,False,0.33080231824594425,False,False,0.018835574744792295,0.1825621831945012,1,False,0.1637266084497089,True,False
355,0.09662665213431076,0.07812878430516242,0.1018490826454494,0.3688212148977229,False,-0.22391882347680217,0.41199456879448004,1,False,0.6359133922712822,False,False,0.009380245191325572,0.17763244545557622,1,False,0.16825220026425064,True,False
356,0.11101379052651321,0.07341806774699068,0.10184762082213233,0.23170107524062214,True,-0.07306516605390367,0.3456759753668221,1,False,0.41874114142072577,False,False,0.05759035355148953,0.18669986378191905,1,False,0.12910951023042952,True,False
357,0.09826591918902344,0.11318442384821396,0.10185128771976089,0.2646599890397461,False,-0.09112908241842682,0.2941489090793542,1,False,0.385277991497781,False,False,0.0672980977006746,0.21648585949476798,1,False,0.14918776179409338,True,False
358,0.07557231156697491,0.06656284837989543,0.10184916075313369,0.28272899531683904,False,-0.13324544834416202,0.34375016959849514,1,False,0.47699561794265716,False,False,-0.011540658009665056,0.2170554503750146,3,False,0.21308363249611423,False,False
359,0.0845210372459205,0.09127437166983977,0.10185007117079586,0.19904536667746472,False,-0.04394607552790084,0.2531158532659429,1,False,0.29706192879384374,False,False,0.018014138296480353,0.1715616138195109,1,False,0.15354747552303055,True,False
360,0.10735931276419533,0.11235992103002336,0.10184915623960855,0.21917701804401535,True,-0.077688138919471,0.3109377891773776,1,False,0.3886259280968486,False,False,0.04893051980062903,0.1702632640877217,1,False,0.12133274428709266,True,False
361,0.09889864491278921,0.137488548937845,0.1018490618475838,0.22614863333945823,True,-0.10097744754396751,0.3053372887666539,1,False,0.4063147363106214,False,False,0.031235637389395374,0.17052248216771276,2,False,0.13171672353180336,True,False
362,0.08307054767239873,0.07159569187241054,0.10185105356236202,0.2839993509392885,True,-0.1318644005865691,0.32212981020547043,1,False,0.4539942107920395,False,False,0.015344409282469648,0.1704671003851344,1,False,0.15512269110266474,True,False
363,0.11611457408611706,0.101321802093605,0.1018491885852194,0.2712147445301779,True,-0.10776445773797422,0.3352371508885073,1,False,0.4430016086264815,False,False,0.0785663696987925,0.21912977372271952,1,False,0.14056340402392703,True,True
364,0.09813673419681998,0.08136784575162616,0.10184647482784452,0.37133030063549544,False,-0.25125184555731467,0.3583260505099387,1,False,0.6095778960672533,False,False,-0.013367087999572728,0.24415801703709297,1,False,0.2575251050366657,False,False
365,0.09974573681611329,0.08459618721418093,0.10184806876620431,0.23468386150806908,False,-0.08691280207086934,0.3155988275843929,1,False,0.4025116296552622,False,False,0.07480387208664553,0.14657065312316053,1,False,0.071766781036515,True,True
366,0.09419329150392089,0.11314331762110465,0.10184723220544875,0.30813989168836736,False,-0.1668194747828147,0.358461467290148,1,False,0.5252809420729627,False,False,0.05743988473218051,0.1690227134929071,1,False,0.11158282876072659,True,False
367,0.09069702534381519,0.09612368726645967,0.10184831054635797,0.3805064943018774,True,-0.2223913636729309,0.44484344828801226,1,False,0.6672348119609431,False,False,0.0057143825685277245,0.23690049393803808,2,False,0.22814505695806722,True,False
368,0.0952724458732808,0.12294088869393431,0.1018495728265947,0.2174789113117817,True,-0.10808240583147011,0.3020615885877537,1,False,0.41014399441922383,False,False,0.04877033225674267,0.1781691965827341,1,False,0.12939886432599146,True,False
369,0.09514577208327513,0.08685061059201081,0.10184969564241333,0.27296447627670356,True,-0.09505000782058663,0.3244657687502362,1,False,0.41951577657082284,False,False,0.04131912506391225,0.16575477182594683,1,False,0.12443564676203459,True,False
370,0.1112932864343559,0.13435508944322405,0.1018483780955874,0.332012501233555,True,-0.1933815579931305,0.35122931029526194,1,False,0.5446108682883924,False,False,0.01042840677621618,0.18585112704497167,1,False,0.1754227202687555,True,False
371,0.10173623751537281,0.07246026309672293,0.10184929405582813,0.3207145681901979,True,-0.15548303882285675,0.43306893707699173,1,False,0.5885519758998485,False,False,0.01982707948742201,0.19014249382114545,1,False,0.17031541433372344,True,False
372,0.1040396138495666,0.15171026145181699,0.10184833906191172,0.32297359988488494,True,-0.16296757889593755,0.31099677928808517,1,False,0.4739643581840227,False,False,0.018697240510349447,0.17487998360736104,1,False,0.15618274309701158,True,False
373,0.09667165916660149,0.1495025157452527,0.10185055396470961,0.1741897723279609,False,-0.02654967655568026,0.29826930890761416,1,False,0.3248189854632944,False,False,0.0790649390440256,0.21770337681745255,1,False,0.13863843777342694,True,True
374,0.10381109365319986,0.10290487724432092,0.10184966088710674,0.3034523582408432,False,-0.1768302416419079,0.3912808330044089,1,False,0.5681110746463168,False,False,0.056622803237108874,0.2900944401020802,1,False,0.2334716368649713,True,False
375,0.0884471083099653,0.12236528113216619,0.10184882385996592,0.33286160683747495,False,-0.14865763306555183,0.4024281995552518,1,False,0.5510858326208036,False,False,0.04958404381952421,0.14662899035865962,1,False,0.09704494653913541,True,False
376,0.14245304834793154,0.10021896210375456,0.10184762749351864,0.24406494861815273,False,-0.09590655249260478,0.3174799587906861,1,False,0.41338651128329085,False,False,0.06283730801283696,0.23565539871118174,2,False,0.16577466917543923,True,False
377,0.12465006732710862,0.1430440311028766,0.10184884588637838,0.2326956093647456,False,-0.10985242493016398,0.2830404558778988,1,False,0.3928928808080627,False,False,0.03924064820330858,0.20742609861593203,1,False,0.16818545041262345,True,False
378,0.0659279910406306,0.08071783436676254,0.10185053741932851,0.25842859165342097,False,-0.1327473176544956,0.34049450335443826,1,False,0.47324182100893386,False,False,-0.03242369438273185,0.11654127198881323,1,False,0.14896496637154508,False,False
379,0.10789681792686195,0.07205631302933091,0.10184773795676354,0.2955476791723697,False,-0.1495690130923098,0.3736082329647875,1,False,0.5231772460570974,False,False,0.06345642062055845,0.21571720772693503,1,False,0.15226078710637658,True,False
380,0.11488789962434573,0.13345587458549868,0.10184866966417032,0.22327029496939427,True,-0.041490761355283595,0.3413866777058872,1,False,0.3828774390611708,False,False,0.07802306087777247,0.16629857365328557,1,False,0.0882755127755131,True,True
381,0.14553476460704382,0.08857665463602286,0.10184944416356885,0.3350063013937579,False,-0.21524699257955116,0.45465426989015056,1,False,0.6699012624697017,False,False,0.0038982032865530116,0.16568834760700518,1,False,0.16179014432045216,True,False
382,0.07700646021937625,0.09195666786165436,0.101848065544787,0.27656582501611765,False,-0.12312671299127692,0.3566325747411926,1,False,0.4797592877324695,False,False,-0.0016758653904445267,0.1623586708190129,2,False,0.1579774866080153,False,False
383,0.09572120911108326,0.15169499645926207,0.10184909595308984,0.32517394827425755,False,-0.16578029649505774,0.3933455651435884,1,False,0.5591258616386462,False,False,0.051977841699053985,0.23555756532876948,1,False,0.1835797236297155,True,False
384,0.12192715306051756,0.13308963416675965,0.10184651402820795,0.20711273215813925,True,-0.023827822324449844,0.3048773714650887,1,False,0.32870519378953855,False,False,0.0828794326227993,0.2271940996011787,1,False,0.1443146669783794,True,True
385,0.07926605225832457,0.08110145952572777,0.101850059049978,0.2546581399720926,False,-0.0856744966756029,0.2859956731156193,1,False,0.3716701697912222,False,False,0.03781501015005541,0.17690814975737196,1,False,0.13909313960731656,True,False
386,0.09033674040923462,0.10189820452152268,0.10185043838551716,0.28532005359701673,False,-0.1510134526201374,0.3969819772286824,1,False,0.5479954298488198,False,False,0.022283851682371805,0.2168658621567498,1,False,0.194582010474378,True,False
387,0.11276799775489449,0.08101843241215768,0.1018489267801141,0.2980462961870724,False,-0.14210698503807176,0.33726624336941596,1,False,0.47937322840748775,False,False,0.07941239362830681,0.27333814152256153,2,False,0.15715077082508178,True,True
388,0.09207416494983439,0.09996546568061002,0.1018485307282863,0.2692664355165427,True,-0.12489704082900364,0.3934130278160039,1,False,0.5183100686450075,False,False,0.04999146918416598,0.2264357090243685,1,False,0.17644423984020252,True,False
389,0.09254273490133053,0.08034950575762267,0.10184957215988608,0.3113108451537185,True,-0.19494688689169207,0.3784450804538277,1,False,0.5733919673455198,False,False,0.03591245216531538,0.20839615893464442,1,False,0.17248370676932903,True,False
390,0.07706317003843781,0.11211750716362302,0.10185146499565663,0.2263397921698614,False,-0.07776870434255327,0.3352840013395209,1,False,0.4130527056820742,False,False,0.05375879815396939,0.27272478197734046,3,False,0.19782697187920192,True,False
391,0.08042846163205691,0.10656868052244828,0.1018511684773174,0.2743370324132149,False,-0.13100607955107113,0.38779360743614955,1,False,0.5187996869872207,False,False,0.03055679821607578,0.24981355656142679,2,False,0.1910199898690462,True,False
392,0.1026880222010998,0.09902002504372912,0.10185165448169962,0.259378340193825,True,-0.10799401818369463,0.32755290870625886,1,False,0.4355469268899535,False,False,0.02998305297573927,0.14691892230259834,2,False,0.11476843840037945,True,False
393,0.08056748830900065,0.09250724337252328,0.10184913521632603,0.4861439583862661,False,-0.31421544183519273,0.45135321898104985,1,False,0.7655686608162426,False,False,-0.02361471255460226,0.21955746802395482,1,False,0.24317218057855708,False,False
394,0.10529756102292853,0.09391161164847578,0.10184914717420773,0.3185054411453854,True,-0.13367018544957557,0.3898000436097222,1,False,0.5234702290592977,False,False,0.047575262979368184,0.16974932856800798,1,False,0.1221740655886398,True,False
395,0.08644574532532953,0.0998038387033603,0.10184967992274466,0.19773722240878328,False,-0.10768710971500904,0.2846108934622984,1,False,0.39229800317730745,False,False,0.004380409320502172,0.14399561435304375,1,False,0.13961520503254157,True,False
396,0.08181074215417256,0.06768622478437648,0.10184963657334972,0.3486413110640584,True,-0.21503735592552567,0.4517709507086162,1,False,0.6668083066341419,False,False,0.025501090230278543,0.24618971090046143,2,False,0.21879674732972396,True,False
397,0.08804571462987981,0.10285622132891643,0.10184862694684689,0.2612667969860324,True,-0.10481783382974319,0.4055475606676215,1,False,0.5103653944973647,False,False,0.01864157514961023,0.18547967208604094,1,False,0.1668380969364307,True,False
398,0.11082785159429617,0.11387073201060645,0.10185068413865254,0.20961955144261232,False,-0.0690020933036298,0.26685581560480925,1,False,0.33585790890843903,False,False,0.06798278789817597,0.17228453039370778,1,False,0.10430174249553181,True,False
399,0.10503974494567406,0.11360097221016045,0.10185087162530143,0.37806974048608766,True,-0.17999303216900603,0.45289780295105486,1,False,0.6328908351200608,False,False,0.005805053962096282,0.24022565880454022,1,False,0.23442060484244392,True,False
400,0.11172208272026851,0.08070687822977454,0.10184973199733607,0.3697525965596699,False,-0.24096512406300197,0.45441505118056436,1,False,0.6953801752435663,False,False,0.04189274695374384,0.27656843428276073,1,False,0.2346756873290169,True,False
401,0.061688065477173364,0.0959420025442756,0.10185052857595396,0.44259085588290903,False,-0.33708657124792124,0.49964175727567633,1,False,0.8367283285235976,False,False,-0.011733202456447094,0.23741760517820382,1,False,0.24915080763465092,False,False
402,0.10528033159348377,0.10184454270769958,0.1018498697674944,0.28772588259676546,False,-0.14121011713488066,0.3099505276572432,1,False,0.4511606447921238,False,False,0.03505167334370489,0.23686659639732058,4,False,0.18862664152493502,True,False
403,0.10295579582159195,0.13422436352131908,0.10184999165366956,0.2353819151771596,False,-0.08083101064071824,0.41940678969655737,1,False,0.5002378003372756,False,False,0.06555140728990533,0.44018447376582737,2,False,0.3562011588970597,True,False
404,0.0948044646991229,0.09859666813312451,0.10184841387297648,0.24882427960040965,True,-0.051838088159702575,0.34322358854185314,1,False,0.39506167670155573,False,False,0.0477575157272414,0.1630910111961392,1,False,0.11533349546889779,True,False
405,0.11249408128045509,0.09765301508660482,0.10184799991762625,0.2661788488347409,False,-0.10330254571692461,0.3564384605580085,1,False,0.4597410062749331,False,False,-0.0059902370276631225,0.14841743740847538,1,False,0.1544076744361385,False,False
406,0.10541285041592414,0.09595360211756358,0.10184853114343935,0.2225007590942359,False,-0.054356313842350776,0.2966180239734897,1,False,0.3509743378158405,False,False,0.07957058402714284,0.2544907645845603,1,False,0.17492018055741748,True,True
407,0.11520012002746018,0.0894455954065111,0.10184881683588959,0.31103159714947026,False,-0.19216540546708108,0.4417256076009157,1,False,0.6338910130679968,False,False,0.033134995651677296,0.21866068883495526,2,False,0.1789645008302248,True,False
408,0.10892578262910521,0.08870836800472467,0.1018475043952749,0.23968557651199254,True,-0.07973557269882064,0.3328001709786736,1,False,0.41253574367749424,False,False,0.048747588266397426,0.1836068389268867,1,False,0.13485925066048926,True,False
409,0.08856192840590799,0.08641557900670524,0.10184807032017719,0.18774202528603723,False,-0.069291969447362,0.28213554936725793,1,False,0.3514275188146199,False,False,0.07834839945145358,0.17673369655105137,1,False,0.09838529709959778,True,True
410,0.08117876235529466,0.04609582289090483,0.10185000392335186,0.11739349876537597,True,-0.022659227589622206,0.222444024429474,1,False,0.24510325201909622,False,False,0.045395872037723425,0.13784308072166132,1,False,0.0924472086839379,True,False
411,0.07233915033394256,0.10682062346115917,0.10185080659983999,0.2694040775412748,False,-0.12033616514397048,0.32998074966952473,1,False,0.45031691481349523,False,False,0.024927881485328575,0.10782957261945236,1,False,0.0829016911341238,True,False
412,0.07282402390461666,0.08517550533828898,0.10184741665003456,0.2954963060113934,False,-0.1153081409372489,0.3870365021832597,1,False,0.5023446431205086,False,False,0.01450136502804571,0.16025699535112495,1,False,0.14575563032307923,True,False
413,0.08921637468144286,0.08701839234972499,0.10184836015543923,0.19632623472179347,False,-0.026478551661028523,0.3064691976157115,1,False,0.33294774927674003,False,False,0.0377259336448791,0.12744024800596654,1,False,0.08971431436108744,True,False
414,0.08943356750730003,0.08104048692746489,0.10184751767214063,0.24171814730624847,False,-0.06906636271585527,0.33264398530968436,1,False,0.4017103480255396,False,False,0.02337730050820689,0.17539694408966663,1,False,0.15201964358145975,True,False
415,0.11430570114556178,0.09114231415060418,0.10184859213743795,0.3016159728365703,True,-0.17848971401454003,0.37345435829448614,1,False,0.5519440723090262,False,False,0.010155442468906994,0.21150640101802726,1,False,0.20135095854912027,True,False
416,0.09822738168562148,0.0778853640840526,0.10184868938635844,0.3958861699408058,False,-0.25578088488110845,0.4799885344028403,1,False,0.7357694192839488,False,False,0.06206031120907138,0.25404306299120916,1,False,0.19198275178213778,True,False
417,0.07028254037696827,0.09957378773578184,0.10185039582975737,0.23061807198935041,False,-0.09901464088133408,0.2521704890250434,1,False,0.3511851299063775,False,False,0.029364340180255244,0.1406435329828833,2,False,0.10540286706068584,True,False
418,0.1219278408108651,0.12752986593767962,0.10184902934005963,0.28831439037974477,True,-0.15339479619373889,0.3666255669456203,1,False,0.5200203631393592,False,False,0.046458135484809995,0.1769063220450086,1,False,0.13044818656019863,True,False
419,0.07280117679021328,0.09015316257204212,0.10184855439849688,0.35457783094277484,False,-0.21802324267297085,0.38935361417308106,1,False,0.6073768568460519,False,False,-0.025986061923787853,0.16493057364051777,1,False,0.19091663556430563,False,False
420,0.10187692127729114,0.12401644255514097,0.101850744829416,0.2993226508423317,False,-0.0980266525380378,0.3767455618375022,1,False,0.47477221437553996,False,False,0.038873276861741676,0.2562033378462947,1,False,0.217330060984553,True,False
421,0.11455202343153384,0.11406959965604387,0.10184850385077863,0.24491596930413567,False,-0.10963821435168382,0.3225668318812517,1,False,0.4322050462329355,False,False,0.025550233934365084,0.25948592301206075,1,False,0.23393568907769566,True,False
422,0.07943839634872743,0.06926235205483024,0.10185056069940421,0.2588958272349901,False,-0.10221569061976742,0.29819783186487037,1,False,0.4004135224846378,False,False,0.028135190614569844,0.14691539099374482,1,False,0.11878020037917497,True,False
423,0.0663159625278365,0.09081413032798145,0.10184890848103263,0.2517291448527372,False,-0.17594981472381488,0.3054177110070671,1,False,0.481367525730882,False,False,0.015161641808806081,0.14501608958530882,1,False,0.12985444777650273,True,False
424,0.10808694616684185,0.13609845935005405,0.10185015059368067,0.2539790733855261,True,-0.11220092538107158,0.35562527746681827,1,False,0.46782620284788984,False,False,0.032333786480083684,0.19406540214275508,1,False,0.1617316156626714,True,False
425,0.07741362444434777,0.10087909273317636,0.10184811053201868,0.27094516060835416,False,-0.128328014422155,0.3324661316880713,1,False,0.4607941461102263,False,False,0.03705866745504621,0.2580206664221659,3,False,0.21536009382212976,True,False
426,0.104091101094552,0.09313781730793175,0.10184957631993602,0.1325523481009362,False,-0.02367618848962265,0.2416052631108594,1,False,0.26528145160048205,False,False,0.04201273609617644,0.1898725656027876,1,False,0.14785982950661114,True,False
427,0.11163063810876386,0.0966799696790007,0.10184838780988209,0.24668915805473796,True,-0.06680176843715707,0.28890226115081225,1,False,0.3557040295879693,False,False,0.07158696540317533,0.21689014822494837,1,False,0.14530318282177304,True,True
428,0.13298098994294527,0.1061253149550967,0.10184807488682941,0.27576768075935304,False,-0.058422896265120663,0.3030905454220427,1,False,0.3615134416871634,False,False,0.045098112630553015,0.15539785388388722,1,False,0.1102997412533342,True,False
429,0.10517724751503385,0.09552100156991637,0.10184858219194134,0.2773777930936681,False,-0.13189088755979766,0.3286700823631857,1,False,0.46056096992298334,False,False,0.02864798545152673,0.16334137967941748,1,False,0.13469339422789076,True,False
430,0.11070807959912453,0.08259069295677922,0.10184908349250832,0.16612373863235846,False,-0.029071981190123438,0.24711335267010712,1,False,0.27618533386023053,False,False,0.06575199223697575,0.1580606650327907,1,False,0.09230867279581495,True,False
431,0.10364445459525787,0.07237666042680228,0.10184938853144614,0.23715689695017708,True,-0.09812186009615362,0.3162961565043986,1,False,0.4144180166005522,False,False,-0.0022605716780127643,0.14957546735492316,1,False,0.15183603903293594,False,False
432,0.12360857056706018,0.13820391409590202,0.10185132488695335,0.28362887850077495,True,-0.15937166973509123,0.37895397176461854,1,False,0.5383256414997097,False,False,0.033820536056551345,0.2209348288203387,1,False,0.18711429276378738,True,False
433,0.09323429040077974,0.09694540366771807,0.10185109805867551,0.22709136631079857,True,-0.08568623441197704,0.27966021502884625,1,False,0.3653464494408233,False,False,0.03651075253089896,0.14099425319033204,1,False,0.10448350065943308,True,False
434,0.13142256152280934,0.10146954103097264,0.10185007474431103,0.23238028502715877,False,-0.07171068511033835,0.2981977753626717,1,False,0.36990846047301007,False,False,0.04715758966163901,0.16096032688434703,1,False,0.11380273722270802,True,False
435,0.11052705304878171,0.09591340911186384,0.10184923599688837,0.17687206338772085,False,-0.03143491529437771,0.274945116632466,1,False,0.3063800319268437,False,False,0.029414045681250507,0.1813248724669194,1,False,0.1519108267856689,True,False
436,0.10393259257883754,0.10465597605088245,0.10184888755207745,0.19910226513604798,True,-0.03976957672179161,0.2734369111673411,1,False,0.3132064878891327,False,False,0.03453241541556859,0.1758067847802856,2,False,0.11456393290019491,True,False
437,0.10247678516420743,0.10928419002174629,0.10185028079398188,0.2984063484414754,False,-0.18427871388310726,0.34763318700847834,1,False,0.5319119008915856,False,False,-0.014927218469422188,0.17782791364022782,1,False,0.19275513210965,False,False
438,0.09902402024071724,0.09245000049632693,0.10184899266122668,0.2139882211686969,False,-0.0915115710855331,0.26849034651690695,1,False,0.36000191760244005,False,False,0.03731455582876319,0.18171487514231838,1,False,0.14440031931355518,True,False
439,0.12170077695819462,0.12258243584308205,0.10184986727192086,0.2201665780448457,True,-0.04749500541491257,0.3066163319955787,1,False,0.3541113374104913,False,False,0.052737242587986524,0.17655631914140713,1,False,0.1238190765534206,True,False
440,0.07373005142767766,0.11133376167645075,0.1018479919993651,0.3075405082705087,True,-0.17025187099256472,0.38610465073406275,1,False,0.5563565217266275,False,False,-0.005606636652675655,0.18175216380978998,1,False,0.18735880046246564,False,False
441,0.08891839852092562,0.09769404427131449,0.10184930877985184,0.17599439642906037,False,-0.06189525998154418,0.30213845332387346,1,False,0.3640337133054176,False,False,0.02740793537471961,0.38655042445885446,2,False,0.3425015485045607,True,False
442,0.10633213518212348,0.11427588305830848,0.10184906433446705,0.35368183910528994,False,-0.18258981916576822,0.4150591418139904,1,False,0.5976489609797586,False,False,0.050691750738898214,0.21604611842249594,1,False,0.16535436768359774,True,False
443,0.07842982565658407,0.07198164836952801,0.10184862511221959,0.2998127023424477,False,-0.11487403100862224,0.39260214130100823,1,False,0.5074761723096305,False,False,0.009171175548752969,0.24052344717720303,1,False,0.23135227162845007,True,False
444,0.06920256457195724,0.09849967610552814,0.10184883468573601,0.24979080799381184,False,-0.10932941485749521,0.35421925666493426,1,False,0.46354867152242946,False,False,0.019207164963111277,0.16749515537540388,1,False,0.1482879904122926,True,False
445,0.10103988846677031,0.09926093514729503,0.1018504920737424,0.33531187585946826,False,-0.12612162004898755,0.37217279758137595,1,False,0.49829441763036353,False,False,0.03818927655365603,0.17692960187249923,1,False,0.1387403253188432,True,False
446,0.08189022793451847,0.11395418222382263,0.10184988068578553,0.1957552239536277,False,-0.05840718290001278,0.24234315437540221,1,False,0.300750337275415,False,False,0.04630014117551243,0.1667196451496231,1,False,0.12041950397411066,True,False
447,0.11469636071001957,0.16036673706109847,0.10184863283179343,0.33011455946552665,False,-0.1912080881071532,0.39068773728115846,1,False,0.5818958253883116,False,False,0.050513328361202155,0.23499212727705343,1,False,0.18447879891585128,True,False
448,0.1159322732434013,0.10819642107912852,0.10184750750715138,0.19329849187356626,False,-0.06748775652562118,0.3192982293911014,1,False,0.3867859859167226,False,False,0.08708133015778792,0.21719710451781027,1,False,0.13011577436002236,True,True
449,0.09949642775352018,0.08962640636995799,0.1018483350889823,0.2896378601975259,False,-0.16205383594657458,0.33324559902965023,1,False,0.4952994349762248,False,False,0.020233749424501676,0.14093463340314105,1,False,0.12070088397863937,True,False
450,0.0884079747915358,0.06117188866180517,0.10184676310886581,0.3461527667174845,False,-0.16779586129504453,0.37169913989842807,1,False,0.5394950011934726,False,False,-0.03722308616330666,0.183764312779454,2,False,0.21666240448073457,False,False
451,0.11181761962118597,0.1335504790040381,0.10185035536068543,0.21708665313688794,True,-0.08600768462962005,0.26600535197299463,1,False,0.3520130366026147,False,False,0.06417096822062951,0.18571787260928488,1,False,0.12154690438865537,True,False
452,0.12421766470853948,0.1041977108087399,0.10185056581431372,0.20193608616491696,False,-0.052496364653482244,0.2844969071761197,1,False,0.3369932718296019,False,False,0.08842014280644953,0.22334029809541783,2,False,0.1316819626273921,True,True
453,0.10740852712801363,0.09403592462886128,0.10185052243859108,0.38671394432242734,False,-0.19568552529524216,0.46253660633326654,1,False,0.6582221316285087,False,False,-0.004054794507124553,0.23205300670302328,1,False,0.23610780121014785,False,False
454,0.11651490713269617,0.1498390392069874,0.1018511258694871,0.26877024480912076,False,-0.08237105593388791,0.36825035339385453,1,False,0.4506214093277424,False,False,0.039601854563947755,0.19280755213078687,1,False,0.1532056975668391,True,False
455,0.08243779434961038,0.12344870353144541,0.10184832734744516,0.2171332139938859,False,-0.07243733561545782,0.2708000029361266,1,False,0.34323733855158445,False,False,0.04182603083179259,0.19457133267750487,1,False,0.15274530184571228,True,False
456,0.07807921482448174,0.1115006898936778,0.10185086237350871,0.26659862987485705,False,-0.11250128536175726,0.3699565147162133,1,False,0.48245780007797057,False,False,0.00015133152595264994,0.1354485891619871,1,False,0.13529725763603445,True,False
457,0.13436893528963972,0.13233651956170525,0.10184977125196971,0.2642293896355981,False,-0.15835981686799555,0.37227813155761824,1,False,0.5306379484256138,False,False,0.04382048922346905,0.2118338642890062,1,False,0.16801337506553715,True,False
458,0.10664816049549397,0.06351748340228626,0.10185087178631269,0.16040603690386745,True,0.0007921726077664353,0.25077349966296547,1,False,0.24998132705519904,True,False,0.08497151071776782,0.1666668715820424,1,False,0.08169536086427459,True,True
459,0.14364745932652087,0.16672053005533727,0.10184939221392109,0.33308981543904,False,-0.1789181414929891,0.40193837984891395,1,False,0.580856521341903,False,False,0.08714263437822178,0.2185825355508902,1,False,0.1314399011726684,True,True
460,0.07992371881179727,0.06175034048140077,0.10184794502323431,0.2535624311123692,False,-0.11313125700025516,0.3206832951713678,1,False,0.43381455217162296,False,False,0.027002437042921615,0.19015847722445434,1,False,0.16315604018153274,True,False
461,0.08463943913524027,0.1121677367360299,0.10184896416000813,0.2757439523306451,False,-0.07305200124129028,0.344278756220354,1,False,0.4173307574616443,False,False,0.03328975953652141,0.14402224260048127,1,False,0.11073248306395986,True,False
462,0.07940620882692165,0.07262616847850144,0.10185127208297595,0.25131724734630323,False,-0.0807596223677372,0.3319501676417834,1,False,0.4127097900095206,False,False,0.05070008974868684,0.2561095647638798,1,False,0.20540947501519297,True,False
463,0.10420114032838057,0.10640332410335286,0.1018493199699813,0.22797800715400857,False,-0.08272599339680717,0.31891646160016235,1,False,0.4016424549969695,False,False,0.046470830651164086,0.17850549657230289,1,False,0.1320346659211388,True,False
464,0.08788941120607485,0.09064170153136696,0.10184974517108498,0.3234403731231196,False,-0.162759887375701,0.32733621766255894,1,False,0.49009610503825995,False,False,0.023039874664268857,0.19768849656748858,1,False,0.17464862190321973,True,False
465,0.1127748503376308,0.10017976998540114,0.10184741341642416,0.2575033394456842,True,-0.10253727101171045,0.35797670198172293,1,False,0.4605139729934334,False,False,0.04312042592329385,0.18054817637618906,2,False,0.12623141191009196,True,False
466,0.12392907430952385,0.14417047252737372,0.10184842313788228,0.215911368095672,False,-0.06237225633644439,0.29537920872350454,1,False,0.3577514650599489,False,False,0.04913831795149154,0.17379279914478069,1,False,0.12465448119328915,True,False
467,0.08346674237596896,0.14130471204887537,0.10184832210542147,0.2793595243547847,False,-0.12589415833177153,0.3678809589391467,1,False,0.4937751172709182,False,False,0.04697351749011918,0.22543197368787293,1,False,0.17845845619775375,True,False
468,0.12600660180737455,0.1483972185858041,0.10185007109702156,0.29472069010052476,False,-0.16687040965636887,0.49603822263042335,1,False,0.6629086322867922,False,False,0.06955518834679103,0.2126238539190396,1,False,0.14306866557224857,True,False
469,0.06821187289736277,0.10170172416033571,0.10184791530570789,0.26308281280206514,False,-0.13731303872768572,0.361842448690337,1,False,0.49915548741802274,False,False,0.019437292224205142,0.20245002687830158,1,False,0.18301273465409643,True,False
470,0.1059099607661505,0.05405775353140797,0.1018497642960784,0.22118790767132213,False,-0.1094879884427517,0.27424588758689644,1,False,0.38373387602964815,False,False,0.0550132920241662,0.16918734351750275,1,False,0.11417405149333655,True,False
471,0.07894977906888602,0.0832581013761048,0.10185032425310002,0.2811910575651071,False,-0.11656422122838042,0.34204690452845915,1,False,0.4586111257568396,False,False,0.04338794112004864,0.1874334163868815,1,False,0.14404547526683287,True,False
472,0.11177256905922281,0.07070300370207147,0.10184839537845208,0.20933702662772571,False,-0.06204966299941972,0.25538115928484817,1,False,0.3174308222842679,False,False,0.08177686589951,0.17971275509543172,1,False,0.09793588919592172,True,True
473,0.09077138659161471,0.0643904184123721,0.10184779645266183,0.3671302539996367,False,-0.2109821390281981,0.43603467079378494,1,False,0.6470168098219831,False,False,-0.03678620265371903,0.19929126612189343,2,False,0.2294897634673175,False,False
474,0.10131839121068253,0.09473518318053245,0.10184781671346396,0.375896953240381,True,-0.2170529978296664,0.4466797361226723,1,False,0.6637327339523387,False,False,-0.03930748728867109,0.1948947158234937,1,False,0.2342022031121648,False,False
475,0.10526916113477813,0.09063933839381591,0.10184797256961832,0.2785200677599401,False,-0.1193307205366661,0.3475521860865341,1,False,0.4668829066232002,False,False,0.04338335945750202,0.1963877928932763,1,False,0.15300443343577427,True,False
476,0.11474032684821414,0.12419164421046062,0.10184936721800673,0.31228174608827697,True,-0.13896228852403042,0.39008372028346566,1,False,0.5290460088074961,False,False,0.045455200457869015,0.24050892071025076,2,False,0.1834985502231466,True,False
477,0.1357410917908683,0.11790078314880793,0.10184837353654724,0.352846806699574,False,-0.2259285589861551,0.4168450340203899,1,False,0.642773593006545,False,False,-0.020534509880390697,0.18098453390539182,1,False,0.2015190437857825,False,False
478,0.06005425500421713,0.10841635467113885,0.10184867054490356,0.28405431644003115,False,-0.11736314237591472,0.28576834134072293,1,False,0.40313148371663765,False,False,0.06309300809624055,0.19313218835446,1,False,0.13003918025821945,True,False
479,0.12833581736780142,0.11257666081627186,0.10185257780519581,0.2716270683859161,False,-0.09550896440414618,0.39555553400622206,1,False,0.49106449841036826,False,False,0.0373872305329966,0.1541822600824014,1,False,0.11679502954940481,True,False
480,0.05155639896680564,0.06866014745538448,0.10184824702100194,0.34847825125042864,False,-0.2070791879669468,0.35991627054051983,1,False,0.5669954585074666,False,False,0.007103211898806592,0.22148005768211543,1,False,0.21437684578330884,True,False
481,0.09274215094185577,0.08144529315077614,0.10184885413426528,0.22361889606643517,False,-0.06835268073613453,0.2856173394630407,1,False,0.35397002019917523,False,False,0.03578256073878013,0.1480330104373297,1,False,0.11225044969854955,True,False
482,0.08823081023167283,0.08503044125062753,0.10184897883499987,0.18688140901289269,False,-0.03491137336601383,0.27666720656638216,1,False,0.311578579932396,False,False,0.03859752779697037,0.1773462029504432,3,False,0.11710821101387657,True,False
483,0.10599882740122085,0.10610605746075438,0.10184902235777736,0.3176401151678158,True,-0.15017500989778845,0.33654824812679235,1,False,0.48672325802458083,False,False,0.05858380780460269,0.21617052454248825,1,False,0.15758671673788555,True,False
484,0.08009064357542968,0.09630351488781297,0.10184953081550001,0.3726932256127537,True,-0.1966615210467282,0.4438858731372863,1,False,0.6405473941840145,False,False,0.009959456107369608,0.25507818653805003,1,False,0.24511873043068041,True,False
485,0.10308048273666445,0.10838162601791235,0.10185075947882598,0.1673357383869443,True,-0.02274824134104287,0.3212780825982994,1,False,0.34402632393934224,False,False,0.055166685556679355,0.20797907603297072,1,False,0.15281239047629136,True,False
486,0.09843806660685189,0.09091102053552212,0.1018504707867125,0.20143171818440608,True,-0.07074897865103257,0.28148373537066523,1,False,0.3522327140216978,False,False,0.05734808141416925,0.18530632584429277,1,False,0.12795824443012352,True,False
487,0.1297521218258591,0.1480813951470969,0.10184609069728295,0.21783204215791302,False,-0.06289121435075877,0.3141822893134673,1,False,0.3770735036642261,False,False,0.07063730323413084,0.16186063014597316,1,False,0.09122332691184232,True,False
488,0.08793839536080222,0.10926415558072002,0.10185030095811207,0.16321888818587527,False,-0.05785757634690401,0.26140717410330694,1,False,0.31926475045021097,False,False,0.06704039663606444,0.19050151794983594,1,False,0.1234611213137715,True,False
489,0.10820872273859966,0.08530724461650675,0.10185003313407122,0.32253785364333987,True,-0.1861236048558905,0.3841678114668558,1,False,0.5702914163227463,False,False,0.0009877883484676318,0.1929507130421943,1,False,0.19196292469372667,True,False
490,0.12897254633054706,0.09159954885095585,0.10184952811336763,0.23063373244282812,False,-0.07880298317025633,0.39000707555201697,1,False,0.4688100587222733,False,False,0.0940255921743643,0.27538236416756623,1,False,0.18135677199320194,True,True
491,0.1007354138181589,0.10388080918663385,0.10184917619367723,0.24386996622537008,True,-0.1391906235777957,0.3215217150670491,1,False,0.4607123386448448,False,False,0.0025097867655118774,0.17314834525343173,1,False,0.17063855848791984,True,False
492,0.08793241224553545,0.12178010663708026,0.1018491280800859,0.25245989453014056,True,-0.10510411643971536,0.3417343673927668,1,False,0.44683848383248215,False,False,0.026568912905174914,0.25346182637792347,2,False,0.22577945848624642,True,False
493,0.09762489642257136,0.10127253832787726,0.10185005109058845,0.28446046423357874,True,-0.1224163384348263,0.37759834526030994,1,False,0.5000146836951362,False,False,0.031667763681181946,0.1876931762362298,1,False,0.15602541255504787,True,False
494,0.10127231539862319,0.10080958331048566,0.1018519810424712,0.36232025121490735,False,-0.2360518631746839,0.4536011167211371,1,False,0.6896529798958211,False,False,0.035039626298628834,0.20695208304053747,1,False,0.17191245674190864,True,False
495,0.08105027970380174,0.12858772767686574,0.1018488196403316,0.17326511368219813,True,-0.04442216500181163,0.2579721391199373,1,False,0.30239430412174895,False,False,0.02437422421909907,0.1503565179240357,1,False,0.12598229370493663,True,False
496,0.09467411116612286,0.12362639719680155,0.10184643835897356,0.28729570647507174,False,-0.15312666556391766,0.32532471414832476,1,False,0.4784513797122424,False,False,0.05341488148980218,0.19995020382764464,1,False,0.14653532233784244,True,False
497,0.08145340403069934,0.08782709591837817,0.10185122165968963,0.2673118005213278,True,-0.15022346979698184,0.3185452187076895,1,False,0.46876868850467135,False,False,-0.031371756590609395,0.1624117976444741,1,False,0.1937835542350835,False,False
498,0.09215127167554694,0.11558989160261257,0.10184990911017015,0.23352799077415348,False,-0.08740990685628555,0.2944210906443855,1,False,0.38183099750067107,False,False,0.07089275486154108,0.13989337642939081,1,False,0.06900062156784974,True,True
499,0.11507623063355363,0.0895027397204392,0.10185053795980219,0.23465029843816942,False,-0.07938185505629942,0.2771928597429417,1,False,0.35657471479924113,False,False,0.042500301026106704,0.14584353898080543,1,False,0.10334323795469873,True,False
500,0.0998685160066318,0.08752272676472965,0.10184957728028614,0.2647974448002962,False,-0.13065501107954944,0.3626599436833283,1,False,0.4933149547628778,False,False,0.03949476661739279,0.21936842786462718,1,False,0.1798736612472344,True,False
501,0.08934470381637272,0.08165409507901582,0.10184942854110492,0.26215754736433783,False,-0.10924895404571763,0.3074189280319597,1,False,0.41666788207767735,False,False,-0.007692193003953461,0.15721294612072,1,False,0.16490513912467347,False,False
502,0.1079241610666026,0.10640682359076596,0.10184743224434535,0.25047998914253505,False,-0.06351324745258166,0.294421168790696,1,False,0.3579344162432777,False,False,0.07208659158028258,0.1785203779943094,1,False,0.10643378641402682,True,True
503,0.11194887117395055,0.11753049050095621,0.10185125162436136,0.20925651958222535,False,-0.03581130783549163,0.277091692581844,1,False,0.31290300041733565,False,False,0.08448565373604669,0.2641232378529023,1,False,0.17963758411685563,True,True
504,0.08937166944266131,0.10565115749377749,0.10184893728008884,0.2773317906361324,False,-0.1696797646992542,0.36165897849108564,1,False,0.5313387431903398,False,False,0.07290517046269646,0.21098436768354903,1,False,0.13807919722085257,True,True
505,0.11098329817970394,0.09006284382883135,0.10184928606496978,0.22803689873953512,False,-0.07394357916562093,0.2904002423993357,1,False,0.36434382156495665,False,False,0.02475136051834116,0.18063129333877714,1,False,0.155879932820436,True,False
506,0.10732776495202834,0.14745143193577223,0.10184771735344893,0.25556607619110805,False,-0.11535716344396678,0.3813670903151797,1,False,0.4967242537591465,False,False,0.060149813880444436,0.18898969814389482,1,False,0.1288398842634504,True,False
507,0.12078434336458997,0.08696503624970059,0.1018493921456173,0.25623151570942276,False,-0.059644322218367504,0.3771936294013077,1,False,0.4368379516196752,False,False,0.02036682474260794,0.1616589361659825,1,False,0.14129211142337456,True,False
508,0.09892491635899373,0.1130746512688886,0.10184637087935958,0.3597875395929045,False,-0.1914808887115925,0.3969523611137502,1,False,0.5884332498253427,False,False,0.039941802669745854,0.20018176056418277,1,False,0.1602399578944369,True,False
509,0.10884525000488832,0.07713463245932892,0.10184614333545013,0.2408767040443023,False,-0.064275311397411,0.35202589805141027,1,False,0.41630120944882126,False,False,0.01617997861238927,0.1569630547389769,1,False,0.14078307612658764,True,False
510,0.10110265843891295,0.1468292828816587,0.10184885230480158,0.13242625596090354,False,0.01691360453193726,0.21086439983349647,1,False,0.1939507953015592,True,False,0.07038860147060405,0.16530917095814457,2,False,0.09128445805744273,True,False
511,0.13365594479939824,0.08196375810085826,0.1018506562818243,0.3582932798205111,False,-0.21317153772803152,0.40783935988446385,1,False,0.6210108976124954,False,False,-0.005589640163817151,0.31301709019757173,1,False,0.31860673036138887,False,False
512,0.10868196349714383,0.12529908338767817,0.10185075182364231,0.21037189528301095,False,-0.05725773800960737,0.314060775360652,1,False,0.3713185133702594,False,False,0.07669870519422833,0.1817058997911763,1,False,0.10500719459694796,True,True
513,0.1021751096540891,0.07855835524401948,0.10184995391634698,0.3355175807511363,False,-0.18357599351344914,0.42219496928790357,1,False,0.6057709628013527,False,False,0.05010502566663784,0.2507674811435163,1,False,0.2006624554768785,True,False
514,0.11808397164562191,0.0913459001049269,0.10184963853543007,0.1256713164593129,False,0.022508186738340853,0.2322526832114324,1,False,0.20974449647309154,True,False,0.0755190812208908,0.16392872938126124,1,False,0.08840964816037045,True,True
515,0.0740976249242774,0.08835388917426243,0.10184723414309166,0.19268732390336651,False,-0.05715916714006696,0.25237533214778973,1,False,0.3095344992878567,False,False,0.04496775692537501,0.18342078443561177,2,False,0.1376449121568478,True,False
516,0.10412552285041718,0.11123836705334329,0.10184951966997281,0.20967769965243638,True,-0.06778073146870965,0.27799914952394394,1,False,0.3457798809926536,False,False,0.05848815464694203,0.15914765786955481,1,False,0.10065950322261279,True,False
517,0.09004088552721241,0.09377502826762822,0.10184839357167771,0.14561201844840296,False,-0.02590216628163295,0.20946573266483384,1,False,0.23536789894646679,False,False,0.05381512153512004,0.12692040392058584,1,False,0.0731052823854658,True,False
518,0.0852430226179054,0.14816992916535504,0.10184921018857944,0.2897093317605548,False,-0.10175300099498188,0.3206722135004254,1,False,0.42242521449540726,False,False,0.06288962898440681,0.22498651595149907,2,False,0.12409357971058754,True,False
519,0.1268720363667308,0.10741466741774565,0.10185043625271696,0.2563169522101634,False,-0.10619766860369913,0.3300861891446445,1,False,0.4362838577483436,False,False,0.019199252633449543,0.22274001086070888,1,False,0.20354075822725934,True,False
520,0.09151028007768203,0.11649383065609607,0.10185153044195114,0.2538091261831036,False,-0.07692033596585919,0.3093295014892073,1,False,0.38624983745506647,False,False,-0.0017383708874131728,0.14758320734442165,2,False,0.12088475586464476,False,False
521,0.09091886262642723,0.08233315552830965,0.10185152791526265,0.19991660082245258,False,-0.05624806546004737,0.25257981859801765,1,False,0.308827884058065,False,False,0.03239122594193236,0.18902150553968444,1,False,0.15663027959775208,True,False
522,0.09345517634573249,0.1148859182248298,0.10185062911739924,0.27071176006936365,True,-0.0984305757279144,0.35728766323539124,1,False,0.45571823896330566,False,False,0.03756527674971409,0.20723280518907083,1,False,0.16966752843935673,True,False
523,0.11155473226776277,0.0937717220572691,0.10185062840592074,0.21768842838898989,False,-0.06759862140196649,0.2736767413533208,1,False,0.3412753627552873,False,False,0.050613987842050526,0.19811113141736778,3,False,0.1223594590496834,True,True
524,0.07686140200107933,0.12042525531121542,0.10184727794175047,0.23448366794190417,True,-0.1094635526987846,0.3496924738480893,1,False,0.45915602654687393,False,False,0.03116785219030941,0.23442082102813144,2,False,0.20247933375691718,True,False
525,0.12342832468984889,0.12042081155897139,0.10184687614350026,0.28835953305861145,False,-0.134368602193232,0.4172346024623533,1,False,0.5516032046555852,False,False,0.05335918097748214,0.25718722577250613,1,False,0.20382804479502398,True,False
526,0.10296831815334231,0.10016766537663256,0.10184898828642344,0.4266116964419224,True,-0.28045507748914666,0.4147908207640657,1,False,0.6952458982532124,False,False,0.049319630507555424,0.2457493860130739,1,False,0.19642975550551847,True,False
527,0.09830744635693525,0.07619294972412559,0.10184962926511273,0.17154450594155052,True,-0.025446812565903462,0.26835658755514785,1,False,0.29380340012105133,False,False,0.052158780434274465,0.17014209830163546,1,False,0.11798331786736099,True,False
528,0.11363730634948743,0.13868822469834519,0.10184922385833335,0.17898724333532512,True,-0.028114691312364243,0.30686081113444946,1,False,0.33497550244681373,False,False,0.06748841402908812,0.19288953818069116,1,False,0.12540112415160304,True,False
529,0.08656267403682343,0.06544186217416503,0.10185156151552026,0.2176812278042577,True,-0.12134430884158118,0.2993247486098266,1,False,0.4206690574514078,False,False,0.022565562501506122,0.14495840195379778,1,False,0.12239283945229165,True,False
530,0.05629548057184475,0.11072129656622791,0.10184967690398479,0.25633920081492134,False,-0.13210520602209622,0.3114236945347697,1,False,0.4435289005568659,False,False,0.024553241899564128,0.15491006268207524,1,False,0.13035682078251112,True,False
531,0.09902246451047489,0.11275775361867155,0.10184841576144311,0.3580812325599627,False,-0.206185743271577,0.3942763027749415,1,False,0.6004620460465185,False,False,0.04284358190224964,0.22333065418972434,1,False,0.18048707228747468,True,False
532,0.1087512732130696,0.11528396238496617,0.1018491692803017,0.31021011891100503,False,-0.1492900236776314,0.39180662155838075,1,False,0.5410966452360122,False,False,0.07465244104774493,0.20447067101558053,1,False,0.1298182299678356,True,True
533,0.08728470424116924,0.06462053453677928,0.10184817753236486,0.26539036432864016,False,-0.09334336978407916,0.3124564624203734,1,False,0.40579983220445254,False,False,0.01206765017763874,0.1847103849019091,1,False,0.17264273472427036,True,False
534,0.11425557350662871,0.10484281718393089,0.10184821594693663,0.15997392930252882,False,-0.04659249296169928,0.2474845025022625,1,False,0.29407699546396177,False,False,0.05690141689376724,0.17832715863270737,2,False,0.1093556399614121,True,False
535,0.09459742017382333,0.10608108612213195,0.10184987183620085,0.194559185953305,True,-0.05597351101793106,0.2930718554834029,1,False,0.349045366501334,False,False,0.0346291317464673,0.13877804467554805,1,False,0.10414891292908075,True,False
536,0.0908645216802835,0.09629618456294203,0.1018504804041122,0.21794705037054768,False,-0.09758076276584042,0.28401943596605367,1,False,0.3816001987318941,False,False,0.05600665300597764,0.16989194254586096,2,False,0.10890333484135757,True,False
537,0.0925738849041684,0.07594279299393102,0.10184827974160841,0.2566349429410006,False,-0.13894807433953912,0.2999104935084692,1,False,0.43885856784800836,False,False,0.061992910307834055,0.18278822083590446,1,False,0.12079531052807041,True,False
538,0.10642337834397908,0.1044362579030042,0.101850047612679,0.21744268130087754,False,-0.06581288834902942,0.319926683795876,1,False,0.38573957214490545,False,False,0.043064112798107235,0.15975218684779216,1,False,0.11668807404968493,True,False
539,0.11190098750339456,0.12867747135626,0.10184902406306685,0.3006386626177682,False,-0.12836744968909536,0.36228023216101973,1,False,0.4906476818501151,False,False,0.02885781855958528,0.20160680692446675,1,False,0.17274898836488148,True,False
540,0.07306372468388739,0.08970589814519946,0.10184948289488323,0.32664534557375413,False,-0.18247921167874928,0.392428708254775,1,False,0.5749079199335243,False,False,-0.011137385528587574,0.1854433418478017,3,False,0.17288464160278985,True,False
541,0.1155894577912872,0.10996379912031766,0.10184864225631443,0.17037133822347605,False,-0.05635215655315199,0.26956164570629426,1,False,0.3259138022594463,False,False,0.0429437956361752,0.14358565467439105,1,False,0.10064185903821585,True,False
542,0.07743221001839519,0.11569612571536461,0.10184860224722082,0.42110317481066606,False,-0.2289703217325861,0.44872169978194615,1,False,0.6776920215145322,False,False,0.0030650282980241687,0.251407802778141,1,False,0.24834277448011685,True,False
543,0.07501883026043046,0.10163759174954556,0.10185002244402042,0.27827753459240023,False,-0.12296303672903906,0.3149179877852599,1,False,0.437881024514299,False,False,-0.014384283087577044,0.15946609257536948,2,False,0.17058458862915116,False,False
544,0.09212104620758566,0.10718321882713769,0.10185156337007738,0.21023831155151526,True,-0.05909933639387998,0.28028857402683954,1,False,0.33938791042071953,False,False,0.0190762362721055,0.13582736702831086,1,False,0.11675113075620536,True,False
545,0.06658522039898992,0.11526657323259809,0.1018507946480496,0.22066386617753767,False,-0.07040518118522449,0.27390035986574685,1,False,0.34430554105097133,False,False,0.02180738989151762,0.11884547857724731,1,False,0.09703808868572969,True,False
546,0.09118447141380687,0.10771046358814336,0.10185189757981983,0.24097063582320188,False,-0.08212535485271405,0.28547301348150156,1,False,0.3675983683342156,False,False,0.06217116329465436,0.15474312407770946,1,False,0.0925719607830551,True,False
547,0.09700602669943009,0.09252023629062217,0.10185167145464245,0.1865669083738162,True,-0.04794673905669794,0.23967292074401167,1,False,0.2876196598007096,False,False,0.06302386254787626,0.1386316578523986,1,False,0.07560779530452233,True,False
548,0.10672621787711475,0.1100262295439669,0.10184886910154255,0.22350258009000826,True,-0.06593754661797908,0.2863826379713705,1,False,0.35232018458934955,False,False,0.047570898183890764,0.1612099674907088,1,False,0.11363906930681802,True,False
549,0.08472161654777213,0.0841675036142855,0.10185184331575728,0.31644839664342717,False,-0.16386599635761193,0.39720201420212176,1,False,0.5610680105597337,False,False,0.015662899837345663,0.2189517213851782,1,False,0.20328882154783254,True,False
550,0.10259568317994361,0.09835415152592623,0.10184944526346179,0.2514813469187656,False,-0.09403149102444504,0.32057977766123286,1,False,0.4146112686856779,False,False,0.02176862970801377,0.21004839188091678,1,False,0.18827976217290301,True,False
551,0.09824859178796436,0.08936503864419622,0.10184967935634492,0.18938083889044124,False,-0.05420076425132641,0.2641335475239771,1,False,0.3183343117753035,False,False,0.06795133688294214,0.1668386127045446,1,False,0.09888727582160245,True,False
552,0.09797745023174884,0.10832080949926433,0.10184764200470348,0.24568105305582186,False,-0.10807918553107251,0.27993036800572124,1,False,0.3880095535367938,False,False,0.0220708137269649,0.2051272032485878,1,False,0.1830563895216229,True,False
553,0.0891377278164361,0.0945858056450922,0.10184930490164304,0.3196699678226563,False,-0.15973828676210405,0.35300045460094803,1,False,0.5127387413630521,False,False,0.041460731997230105,0.18661299133958464,1,False,0.14515225934235454,True,False
554,0.07352006890528591,0.08174265918475396,0.1018505974973843,0.24300899102309972,False,-0.10269125561412477,0.3114347372949718,1,False,0.4141259929090966,False,False,0.03452916823684547,0.17248115232434424,1,False,0.13795198408749876,True,False
555,0.076658099451091,0.06874714378658991,0.10184916134691054,0.28689603444784534,False,-0.12704513742242798,0.3618720600362012,1,False,0.48891719745862916,False,False,-0.003990502497763398,0.1512913464585135,1,False,0.1552818489562769,False,False
556,0.10176584039092132,0.09355138348630902,0.10184907109740138,0.1820176655224884,False,-0.04627002425420773,0.2597774947228363,1,False,0.306047518977044,False,False,0.03878347061820857,0.16653277268687627,1,False,0.1277493020686677,True,False
557,0.10120530169840988,0.12130328857616098,0.10184778825345961,0.31810837589582597,True,-0.16575983438101857,0.34373333015189167,1,False,0.5094931645329103,False,False,0.0268613865752041,0.16992782417438718,1,False,0.14306643759918308,True,False
558,0.1034713951564868,0.11182586946110992,0.10184973476985361,0.2494170372465229,False,-0.0878902530893532,0.3286465175252741,1,False,0.4165367706146273,False,False,0.05124387450036166,0.21579194444335698,1,False,0.1645480699429953,True,False
559,0.0838470668605664,0.1033085461310026,0.1018476512537877,0.3177669134615047,True,-0.15082146952595935,0.40177874873379754,1,False,0.5526002182597569,False,False,0.002385244760434769,0.18461840601713714,1,False,0.18223316125670236,True,False
560,0.0839666807131147,0.060164524377595355,0.10184861184551981,0.21281891859513202,False,-0.059463424229309836,0.24837298343634165,1,False,0.30783640766565146,False,False,0.05329122076377,0.15109891495564504,1,False,0.09780769419187504,True,False
561,0.10812008350198868,0.08994285935944074,0.10184879794988957,0.16407329386386943,False,-0.048874993543128846,0.2710220208573529,1,False,0.31989701440048174,False,False,0.04679236534253574,0.1496021311485337,1,False,0.10280976580599797,True,False
562,0.12327359291750505,0.10163160794473733,0.10185102645614506,0.30291736653280166,False,-0.12504236893393172,0.37887648165174176,1,False,0.5039188505856735,False,False,0.04916868270989021,0.1601730317043597,1,False,0.1110043489944695,True,False
563,0.09977115838600538,0.0987243571863767,0.10184944383483752,0.2885455703890937,True,-0.15903603529430915,0.30609260183773473,1,False,0.4651286371320439,False,False,0.011512347072383595,0.20647316394626952,1,False,0.19496081687388592,True,False
564,0.09713291789978273,0.10767893780596381,0.101849394685472,0.0988896363972688,True,0.03168458705537002,0.17518648177818255,1,False,0.14350189472281252,True,False,0.06405757283164454,0.13288347934436803,1,False,0.0688259065127235,True,False
565,0.12515538588959724,0.1133430271633186,0.10184972498271044,0.31328502727575047,True,-0.17078999410347886,0.39316752183299686,1,False,0.5639575159364757,False,False,0.023712118597910843,0.27140562576526484,1,False,0.247693507167354,True,False
566,0.11764680766923064,0.07421394346146234,0.10184764263097609,0.38161915172825,True,-0.21864852878695173,0.4257418315720685,1,False,0.6443903603590202,False,False,0.0095238508035278,0.2419437468534238,1,False,0.232419896049896,True,False
567,0.0928152073295499,0.07752850626758562,0.10184943656926118,0.30787691449792637,False,-0.1781139693451341,0.4189419988084486,1,False,0.5970559681535828,False,False,-0.049875201947879345,0.1703719710251534,1,False,0.22024717297303273,False,False
568,0.10642367275848363,0.10800468587404116,0.10184847307709126,0.20177473717295255,True,-0.03173062188728066,0.3219039003188503,1,False,0.35363452220613095,False,False,0.06809002505884201,0.15485545280804597,1,False,0.08676542774920395,True,False
569,0.11610810125520855,0.09763059557923202,0.1018484681459887,0.1820244662042007,False,-0.05467303671136696,0.294858868146662,1,False,0.349531904858029,False,False,0.06923010585393938,0.20565903989114834,1,False,0.13642893403720896,True,False
570,0.07662157887053805,0.0837003019212964,0.10184961625514419,0.17140416543073295,False,-0.046423047235689685,0.2255058422722656,1,False,0.2719288895079553,False,False,0.04409123070413673,0.13630304613651484,2,False,0.09180735527575506,True,False
571,0.06965441221052121,0.0675064986613396,0.1018495955447202,0.1877906296476796,False,-0.057770076580163,0.25566722457793467,1,False,0.31343730115809765,False,False,0.053254291852086265,0.168259366473513,1,False,0.11500507462142673,True,False
572,0.11116996970951812,0.12571196039952803,0.1018484798294304,0.2880252754468555,False,-0.17310663177677377,0.37216141037813355,1,False,0.5452680421549073,False,False,0.048204403851513825,0.25026464630284406,1,False,0.20206024245133025,True,False
573,0.10062328093389325,0.12377312906341723,0.10184821908067423,0.26707611277368215,True,-0.16995104404882783,0.3154905719480159,1,False,0.4854416159968437,False,False,0.02438046635439036,0.16273737223974064,1,False,0.13835690588535027,True,False
574,0.09815542705510999,0.10595859960610089,0.10184894513509345,0.29968340184997255,False,-0.10443617372337215,0.318773378403375,1,False,0.42320955212674716,False,False,0.042310460555024035,0.17958388368952258,1,False,0.13727342313449853,True,False
575,0.08801974825771262,0.08929972632215763,0.10184986591231802,0.1489755080870436,True,-0.010677657771585566,0.2199974589575666,1,False,0.23067511672915214,False,False,0.02618718381323313,0.1287948274161591,1,False,0.10260764360292599,True,False
576,0.10846305827210087,0.11616345623810143,0.10184993183856318,0.27061141416286655,False,-0.09991785620927009,0.3287068445599909,1,False,0.42862470076926096,False,False,0.026196595113150645,0.16396109971943634,1,False,0.1377645046062857,True,False
577,0.10821006277553093,0.11548216104541703,0.10184988313292684,0.20656050261492687,True,-0.05033689722640092,0.2994296864761733,1,False,0.3497665837025742,False,False,0.061142955683359215,0.22901476652342298,1,False,0.16787181084006375,True,False
578,0.07298854730581554,0.09402673733415363,0.10184881251087066,0.24190681445706452,False,-0.09674927952492125,0.3198317404567894,1,False,0.41658101998171065,False,False,0.006229151925758602,0.22248345209454187,1,False,0.21625430016878328,True,False
579,0.09420088897057019,0.08764217612668716,0.1018487416863861,0.3082897866208663,True,-0.18315804239147815,0.4039218324282333,1,False,0.5870798748197115,False,False,0.05544364505699352,0.24792656340195832,1,False,0.19248291834496478,True,False
580,0.08024826703665217,0.07551913826144319,0.10185049291058969,0.24635727601674795,False,-0.07360926079463491,0.30219095134671475,1,False,0.3758002121413497,False,False,0.003279945117474217,0.18923541617572548,1,False,0.18595547105825128,True,False
581,0.10744862644086413,0.09755151529329098,0.10184839435820259,0.34910385228493357,True,-0.20855333602881562,0.4255650959593416,1,False,0.6341184319881572,False,False,0.05337197114227171,0.24914662059517312,2,False,0.17948175756492743,True,False
582,0.1314071581703557,0.10760031984503292,0.10184813329150329,0.19539752560000445,False,-0.036276625538162965,0.2800868311417665,1,False,0.3163634566799295,False,False,0.058015547556392696,0.1879725566679371,1,False,0.1299570091115444,True,False
583,0.07005948863935457,0.08968426011368463,0.10184939227868336,0.3215126823747561,False,-0.15157311270243048,0.34153501862549707,1,False,0.4931081313279275,False,False,-0.0183335233717613,0.2014230941374064,1,False,0.2197566175091677,False,False
584,0.07101877074726144,0.10502045165154951,0.10184899034686001,0.3972149567823644,False,-0.18277121145493871,0.4010431248125176,1,False,0.5838143362674563,False,False,0.030633442468303844,0.21415788042240463,1,False,0.18352443795410078,True,False
585,0.09255329602524234,0.10233001988833146,0.10184943607144589,0.19783135256170967,False,-0.044388700746991146,0.2483446048907574,1,False,0.2927333056377486,False,False,0.04809692232952707,0.15945766044550258,1,False,0.11136073811597551,True,False
586,0.13710007316839917,0.09610217290553541,0.10184807183762215,0.31418929969116116,False,-0.1849436311647333,0.3559785358123224,1,False,0.5409221669770558,False,False,-0.02537683297751698,0.19491975612085,1,False,0.22029658909836697,False,False
587,0.12585774152352097,0.10235127694482214,0.10184958817119452,0.26575037046383293,False,-0.17725417157030768,0.3532097727476146,1,False,0.5304639443179223,False,False,0.0008172013864283861,0.23131076319833183,1,False,0.23049356181190345,True,False
588,0.09685343219107442,0.09363089687710331,0.10184998881017769,0.251548682084115,True,-0.10214209396678602,0.32615390351673457,1,False,0.4282959974835206,False,False,0.04089438810951426,0.21183353231821772,1,False,0.17093914420870346,True,False
589,0.10367714998259528,0.09307183391221015,0.10184956024684289,0.3419907803908643,False,-0.17804716364762455,0.43221309322190254,1,False,0.6102602568695271,False,False,0.03198165807155881,0.24622126671099623,1,False,0.21423960863943742,True,False
590,0.12710443322170523,0.11473488493580827,0.10184932353246318,0.27203164726778134,False,-0.09408766202583779,0.354218564110363,1,False,0.4483062261362008,False,False,0.07365083693506796,0.20739489084740864,2,False,0.13150871072633633,True,True
591,0.0793601753699347,0.10651195669061149,0.10184836088358937,0.31923625834019653,False,-0.19493856747741167,0.3732120525810594,1,False,0.5681506200584711,False,False,0.054876599117597354,0.22243162235052927,1,False,0.16755502323293192,True,False
592,0.11189254904728277,0.09456488590065745,0.10184883764784852,0.3260896186259951,False,-0.15085643630769363,0.40516487389665085,1,False,0.5560213102043445,False,False,0.0036725002760592904,0.19407562349728452,2,False,0.1615870083125641,True,True
593,0.0988584903335791,0.08396475034314252,0.10185014130645687,0.19206841014006196,True,-0.0646664476975957,0.28743192866538925,1,False,0.35209837636298497,False,False,0.059152607837067564,0.21788760210251149,1,False,0.1587349942654439,True,False
594,0.10305016055846364,0.09272662758477064,0.10184862142114151,0.26991491500885717,False,-0.11391252684380197,0.33444293249180845,1,False,0.44835545933561044,False,False,0.02810321131661062,0.1880045390686172,1,False,0.15990132775200658,True,False
595,0.10898481519567944,0.11248944906999624,0.10184756547741906,0.3117415159038586,True,-0.13105865969952868,0.37848665805791293,1,False,0.5095453177574416,False,False,0.01885426180703575,0.19710191817112666,1,False,0.1782476563640909,True,False
596,0.09004164973382159,0.07112435637459659,0.10185031243863314,0.3156071588020472,False,-0.1758651894026108,0.3747380543177861,1,False,0.5506032437203969,False,False,-0.029461547476141416,0.26194773544662386,2,False,0.24564856699316737,False,False
597,0.05905264061408669,0.07739228905067229,0.10184866136345674,0.27153627079644027,False,-0.1450222140542882,0.2866357683220353,1,False,0.43165798237632347,False,False,0.04521192143846754,0.181427114671609,1,False,0.13621519323314146,True,False
598,0.06782613325412064,0.08665159714560336,0.1018464539495768,0.40878336075936433,False,-0.23253448211882677,0.47895511533906926,1,False,0.7114895974578961,False,False,-0.031210316157042083,0.24782237019708406,1,False,0.27903268635412615,False,False
599,0.09578145440007385,0.07781499110038559,0.10184923461137987,0.20008492233481132,True,-0.08694960613253018,0.24462096527889385,1,False,0.33157057141142404,False,False,0.04312811504452435,0.16516263849122104,1,False,0.12203452344669669,True,False
600,0.10036013320397856,0.11635044606295893,0.10184951736932116,0.28052455115395303,False,-0.10008034296850565,0.36474348564882586,1,False,0.4648238286173315,False,False,0.02306996136630521,0.1745005739895797,1,False,0.15143061262327448,True,False
601,0.07761536046874917,0.09494014559767419,0.10185165662141506,0.16171803372284432,False,-0.055476991598083135,0.2345219418920579,1,False,0.28999893349014105,False,False,0.04149869754948788,0.15917713425072466,1,False,0.11767843670123679,True,False
602,0.11159921803936443,0.0802355280935209,0.10184974910345888,0.18413043482486532,False,-0.038369309896922686,0.26104285756576584,1,False,0.2994121674626885,False,False,0.0410939753595235,0.17351127359358842,2,False,0.1291158739207283,True,False
603,0.08348550115011341,0.11354857560676135,0.1018493282175065,0.31460177480672125,False,-0.15246149296364095,0.4280362716759419,1,False,0.5804977646395828,False,False,0.04568098734570652,0.22668420427886501,1,False,0.1810032169331585,True,False
604,0.09555572069852947,0.12561915375972688,0.1018485100373827,0.28233708375048233,True,-0.14999800080007697,0.38599518472095246,1,False,0.5359931855210294,False,False,0.029563459537234833,0.1928715975303747,1,False,0.16330813799313987,True,False
605,0.12193143678441395,0.13609408313984006,0.10184747802734209,0.2218927780539005,False,-0.11608847123984022,0.3005766502571442,1,False,0.4166651214969844,False,False,0.047237968465594166,0.1872799126222331,1,False,0.14004194415663893,True,False
606,0.09196219740220263,0.10731695265658607,0.10184696043121791,0.22630990039202784,False,-0.06359047174448862,0.26200722816453076,1,False,0.3255976999090194,False,False,0.05247740007072441,0.15145590665150793,1,False,0.09897850658078353,True,False
607,0.1317151467309262,0.10976376829443951,0.1018476188976806,0.18287199710333968,False,-0.05693092704228251,0.25976617593488704,1,False,0.3166971029771696,False,False,0.027740016399077524,0.1616854656234304,1,False,0.13394544922435286,True,False
608,0.06942292964218885,0.0935779505386532,0.10184887377375837,0.23028183564697902,False,-0.08258658152835449,0.34972330450085193,1,False,0.4323098860292064,False,False,0.038313141020294025,0.2781290499042941,1,False,0.23981590888400006,True,False
609,0.06550903126034402,0.07287375347946021,0.10184975003689543,0.21296785986815847,False,-0.087070188582044,0.27698340168818225,1,False,0.36405359027022627,False,False,0.0329162731095972,0.15487582207893374,1,False,0.12195954896933654,True,False
610,0.10928685419028975,0.10124577849059936,0.10185104916064475,0.3016034633801731,True,-0.17330782732285632,0.34323333069182016,1,False,0.5165411580146765,False,False,0.028993130655003096,0.21164926826058278,1,False,0.1826561376055797,True,False
611,0.0758358555646056,0.12775977690334794,0.10184695798466352,0.39825822452527243,True,-0.19393708666349938,0.46556953605019924,1,False,0.6595066227136986,False,False,-0.008687472943650616,0.2035572060415286,1,False,0.2122446789851792,False,False
612,0.09829564924673016,0.09993905721085239,0.1018499285739755,0.22772274048406413,True,-0.0682841606429375,0.3673602863445957,1,False,0.43564444698753324,False,False,0.04807839787294059,0.23112232173922356,2,False,0.1739917790555632,True,False
613,0.07830337355052665,0.08493158460340458,0.1018487251256169,0.261050253243235,False,-0.12493766902174434,0.310489659848197,1,False,0.43542732886994134,False,False,0.05072917206091958,0.14142222708895658,1,False,0.090693055028037,True,False
614,0.11546488412575415,0.10222446047547623,0.10184923400111273,0.19677928564484778,False,-0.04857500241646367,0.2720341548802185,1,False,0.32060915729668216,False,False,0.06407491969142917,0.15890129467004172,1,False,0.09482637497861254,True,False
615,0.10094830132060227,0.07813666862011222,0.10185016041488243,0.1285569735476321,False,-0.023946932424086895,0.24307070597731253,1,False,0.2670176384013994,False,False,0.033252423428713915,0.18920016925788813,2,False,0.14591903039740406,True,False
616,0.07754683137060633,0.08737396286130199,0.10184940204141477,0.31378181184375004,False,-0.1113202648714523,0.40123299222991937,1,False,0.5125532571013717,False,False,0.01576025339437149,0.17179895297157632,1,False,0.15603869957720484,True,False
617,0.11226992952204155,0.07435157314939757,0.10185042740204886,0.0988841080591041,False,0.041580352674538246,0.19400953005611932,1,False,0.15242917738158107,True,False,0.0938178691710387,0.13917207047573743,1,False,0.045354201304698735,True,True
618,0.08514640706107915,0.10328238817383611,0.10185001581587015,0.16842868275855244,True,-0.00472673786454915,0.23093830157960324,1,False,0.2356650394441524,False,False,0.059236272126664616,0.12925726506549085,1,False,0.07002099293882623,True,False
619,0.09151789162190144,0.07842986703718373,0.10185000032099478,0.19302127387710352,False,-0.07837803286579573,0.27619274553704054,1,False,0.35457077840283624,False,False,0.0456729883573855,0.13086868383996703,3,False,0.0786622922101721,True,False
620,0.0836328940492913,0.078720544218223,0.10184974934158049,0.2548571588051152,False,-0.09852519054642918,0.33776891071501636,1,False,0.4362941012614455,False,False,0.03923960361527305,0.17449266230693566,1,False,0.1352530586916626,True,False
621,0.09770974462990914,0.11194372809819515,0.10184990217743278,0.20875704724711455,True,-0.08840977417797434,0.33764795547990906,1,False,0.4260577296578834,False,False,0.06513751706610099,0.19251885860818468,1,False,0.1273813415420837,True,False
622,0.09545624020809194,0.10361650455455912,0.10184851599196165,0.35084568125620724,True,-0.1700301711335408,0.493652495609792,1,False,0.6636826667433329,False,False,0.05116366314994648,0.20405634634024955,1,False,0.15289268319030308,True,False
623,0.07484576134526146,0.08132384070882465,0.10184899988442962,0.17999580981549196,True,-0.059820460569914836,0.23469579145027078,1,False,0.2945162520201856,False,False,0.022422582460727758,0.12324573432897924,1,False,0.10082315186825148,True,False
624,0.1092453624875131,0.13005472449445685,0.10185076821626175,0.19833430795264442,False,-0.030288277860962443,0.2796977485661324,1,False,0.30998602642709483,False,False,0.0492870944575054,0.1400696329743731,1,False,0.09078253851686771,True,False
625,0.1070140505722034,0.07747858383834325,0.10184813919801779,0.4332319442605409,False,-0.25499776359964255,0.4687174387135868,1,False,0.7237152023132294,False,False,-0.012050592855575262,0.19703858818059522,1,False,0.20908918103617047,False,False
626,0.11279818212182627,0.1133118857737921,0.10184926539954867,0.2521370276322946,False,-0.09349568633867464,0.3739440236984441,1,False,0.4674397100371187,False,False,0.04331725983124406,0.17962471778478076,1,False,0.13630745795353671,True,False
627,0.09184125667314454,0.10296461557211578,0.10185084607793499,0.24605427764751522,False,-0.11269164217594872,0.3453925573540823,1,False,0.45808419953003104,False,False,0.041275659483140104,0.1997841165052308,1,False,0.1585084570220907,True,False
628,0.12373087974237715,0.08923061872035218,0.1018494174117865,0.29868126771986836,True,-0.11118903452964694,0.3829610812833105,1,False,0.4941501158129575,False,False,0.04493155070851334,0.2588252091548555,1,False,0.21389365844634217,True,False
629,0.10390474306656375,0.11593331549457463,0.10184779779731792,0.26158584175707916,True,-0.07398711783706802,0.31324854641026323,1,False,0.38723566424733125,False,False,0.053827190245915715,0.15561193164149364,1,False,0.10178474139557793,True,False
630,0.10293795508494269,0.08183757725439274,0.10184991004533207,0.30703321890701657,False,-0.14036743085842834,0.34421174366273194,1,False,0.4845791745211603,False,False,0.05209758556047997,0.21275887676942712,1,False,0.16066129120894715,True,False
631,0.0991510219141532,0.1158781906341493,0.10185022852105832,0.2777069863072846,True,-0.12108085562144075,0.34541120950597554,1,False,0.46649206512741626,False,False,0.04233587719648293,0.18294925367701856,1,False,0.14061337648053562,True,False
632,0.11006073591369132,0.09176481646494485,0.10184929714763259,0.32658296249991636,False,-0.14327889287866893,0.39236889945630515,1,False,0.5356477923349741,False,False,0.025357805683033363,0.1792520317265508,1,False,0.15389422604351743,True,False
633,0.13427342301757006,0.09013600129899763,0.10185259575608614,0.22084783376178227,False,-0.05828977135163082,0.3116175433094495,1,False,0.36990731466108034,False,False,0.06784959303310728,0.15685051626841995,1,False,0.08900092323531267,True,False
634,0.08993323957678108,0.1060039923519078,0.10184777725748242,0.3607621167194297,False,-0.21273512105655984,0.3804052989474547,1,False,0.5931404200040145,False,False,0.03486452312719503,0.26638871367639094,1,False,0.23152419054919593,True,False
635,0.08838265508548329,0.08354344148273694,0.10184932514877343,0.3372569087614392,True,-0.18001611733605702,0.42532006959077384,1,False,0.6053361869268309,False,False,0.0260713036507587,0.26869307831859773,1,False,0.24262177466783902,True,False
636,0.10087205393912227,0.07888317771725406,0.10185130879083369,0.2697897320855732,False,-0.13475610946499172,0.35151986805039726,1,False,0.486275977515389,False,False,0.014407233951509184,0.16537013390260816,1,False,0.15096289995109896,True,False
637,0.11240644373249215,0.11233950758034386,0.10184891757876556,0.26285867811508185,True,-0.12905171211199978,0.34860961078435976,1,False,0.47766132289635954,False,False,0.035509955406939436,0.19284387067180014,1,False,0.1573339152648607,True,False
638,0.12840389499999594,0.10807642145994663,0.10184892396944939,0.19535928331174626,True,-0.06969820398243119,0.3215729281935782,1,False,0.3912711321760094,False,False,0.0756256767160246,0.22973593657345737,1,False,0.15411025985743276,True,True
639,0.09249570126522011,0.0718787042129387,0.10185065329168035,0.27373580895774324,False,-0.13113623557027954,0.3595132451256368,1,False,0.49064948069591635,False,False,-0.013340743113362568,0.21706733577696904,1,False,0.2304080788903316,False,False
640,0.10049371842403759,0.10747285587702259,0.10185110749969577,0.1432124737701638,True,-0.018697404381766466,0.227436980904605,1,False,0.2461343852863715,False,False,0.05346423087063369,0.14800251022538743,1,False,0.09453827935475374,True,False
641,0.06698501449787314,0.10623978874332582,0.10184946419486855,0.20484399739933623,True,-0.07073741312366127,0.23724202602948014,1,False,0.3079794391531414,False,False,-0.008447472800737012,0.11101606367912774,1,False,0.11946353647986475,False,False
642,0.09850933639432144,0.10137156306141965,0.10184744822719101,0.2546212900022803,False,-0.10006077714094137,0.30766938513011766,1,False,0.407730162271059,False,False,0.012847156903662952,0.18450013223075892,1,False,0.17165297532709597,True,False
643,0.08861450879609585,0.0896603119021888,0.1018464341257546,0.2519135895622167,False,-0.1476322869982632,0.3243773111527051,1,False,0.47200959815096827,False,False,-0.03005731473209102,0.18747574917630655,1,False,0.21753306390839758,False,False
644,0.09923484784188566,0.099110214345021,0.10185013487950717,0.28618770767980156,False,-0.13236090499076078,0.34114061692716047,1,False,0.4735015219179213,False,False,0.03613171387132574,0.22026452213598913,2,False,0.17571517516708615,True,False
645,0.08764478004688306,0.08635069907966249,0.10184985606893725,0.19547011775793743,False,-0.040900985364398686,0.23485771851421475,1,False,0.27575870387861345,False,False,0.07719798387739639,0.1605938095959316,1,False,0.08339582571853522,True,True
646,0.09623137790083605,0.08079281022754589,0.10184989816956472,0.18261829128847595,False,-0.04465473009762691,0.2633423003740292,1,False,0.30799703047165616,False,False,0.06115423582713164,0.14305856871384232,1,False,0.08190433288671067,True,False
647,0.09047782764697099,0.13727307479078815,0.10184898005154386,0.30585225504062913,False,-0.19265451161252103,0.3095257604753892,1,False,0.5021802720879103,False,False,0.006999445398593276,0.211560479684824,1,False,0.20456103428623074,True,False
648,0.10384111564869135,0.12023226695077176,0.10184982444888431,0.28476511284285627,False,-0.12251936254631245,0.32064544478499896,1,False,0.4431648073313114,False,False,0.012958613096643846,0.14716010711332733,1,False,0.1342014940166835,True,False
649,0.11496200610260997,0.10706139499268551,0.1018501649193313,0.18272226691845864,True,-0.04947068512029824,0.2723223452895265,1,False,0.3217930304098247,False,False,0.06911459354795171,0.15529916381548192,1,False,0.08618457026753021,True,False
650,0.08781831566070401,0.12149074447489551,0.10184794400627863,0.26800556995092856,True,-0.11571919566826983,0.3349823816675335,1,False,0.45070157733580335,False,False,0.04785467233781609,0.13860243040977227,1,False,0.09074775807195617,True,False
651,0.07414883675922852,0.08999799893493264,0.10184992048534931,0.3199452991360773,False,-0.21923759872449497,0.32209271457972705,1,False,0.541330313304222,False,False,-0.004892354560351724,0.2101580090050138,1,False,0.21505036356536553,False,False
652,0.10094418503263572,0.10896420450040586,0.10184918111452429,0.32098717543319666,False,-0.16852006615043041,0.3728356472709946,1,False,0.5413557134214251,False,False,0.03851733619419399,0.22991955751444404,1,False,0.19140222132025003,True,False
653,0.11802653326969023,0.12341792891009987,0.10185113549203406,0.3798838910315068,False,-0.22818137209004524,0.4490087524543261,1,False,0.6771901245443713,False,False,-0.0030124008517910294,0.2161798559219626,1,False,0.21919225677375362,False,False
654,0.06605258359558487,0.12924712491525966,0.10184857758948315,0.24462512771654557,False,-0.054543522266842406,0.2673811008728999,1,False,0.3219246231397423,False,False,0.04066014268938521,0.15152347028591953,1,False,0.11086332759653432,True,False
655,0.1207320499727858,0.10095579160110939,0.10184952269509315,0.20581704816340635,False,-0.05609962267737612,0.28177361582953764,1,False,0.33787323850691375,False,False,0.031000509665409404,0.1736694397658785,1,False,0.1426689301004691,True,False
656,0.10434756003343479,0.10195038937272304,0.10184842560380462,0.2809234390122775,False,-0.11669016418490026,0.3454516674144789,1,False,0.46214183159937916,False,False,0.05882004131503625,0.2532921777599034,1,False,0.19447213644486716,True,False
657,0.10562526741026212,0.1293397370854923,0.10184831182310279,0.25596065442109756,True,-0.08098016599590117,0.3807862685190061,1,False,0.4617664345149073,False,False,0.08122732980195958,0.20452948345981986,1,False,0.12330215365786028,True,True
658,0.1018089757148671,0.056835204469366817,0.10184855966975108,0.1948262947435323,False,-0.040452389752116284,0.2648847505355149,1,False,0.3053371402876312,False,False,-0.0008900703952834149,0.15826154610792204,2,False,0.15912474225579645,False,False
659,0.09066245826927659,0.09858900064172213,0.10184895723617049,0.4103576972053379,False,-0.2975992129868706,0.49990174361729744,1,False,0.797500956604168,False,False,-0.012738754832648146,0.18547563856469776,1,False,0.1982143933973459,False,False
660,0.07691292822752717,0.06238206701563259,0.10185084300889093,0.20592119038081977,False,-0.07339838459423872,0.2287020497632717,1,False,0.30210043435751044,False,False,0.026911670536268792,0.12091550485272995,1,False,0.09400383431646116,True,False
661,0.1321362903156973,0.11068487332734775,0.10184791577162501,0.18092220724133892,False,-0.024425257199724545,0.2980232072966867,1,False,0.32244846449641124,False,False,0.08594844907430396,0.20909806649095555,1,False,0.12314961741665159,True,True
662,0.10598616040324492,0.12476105597592824,0.10184942811811135,0.3869335942136291,False,-0.2143992213117526,0.39921742998769577,1,False,0.6136166512994483,False,False,0.03595303140786649,0.17010012591106724,1,False,0.13414709450320075,True,False
663,0.11125733735191473,0.07959783074196912,0.10184790139245764,0.2832162204429431,False,-0.11110276057593445,0.3753506470173406,1,False,0.48645340759327504,False,False,0.02671117933975484,0.2464170802979998,2,False,0.1979206414798971,True,False
664,0.10865925228363796,0.11622486954378636,0.10185177625861445,0.25970443018156886,True,-0.0779969353424021,0.32377031686901764,1,False,0.40176725221141973,False,False,0.024608090497478915,0.1686710671885627,1,False,0.14406297669108378,True,False
665,0.09883647064487447,0.09985435294255307,0.10185039424196098,0.20439796010102038,True,-0.04808972035973992,0.3354520211460557,1,False,0.3835417415057956,False,False,0.05481707327784352,0.2130945076702812,3,False,0.10598389562174676,True,False
666,0.07400513874328976,0.14204344049477158,0.10184989846145823,0.20954491894472732,False,-0.05982547187256177,0.2903280386847402,1,False,0.350153510557302,False,False,0.026312919175245322,0.1967725076791065,1,False,0.17045958850386117,True,False
667,0.12583502122371432,0.07435588606617405,0.1018503779059776,0.20897838601434462,False,-0.08643380930670867,0.2907576798388066,1,False,0.3771914891455153,False,False,0.029539008562963424,0.17617168833361058,1,False,0.14663267977064715,True,False
668,0.10194438233812486,0.10421357959499246,0.10184934355491641,0.2582385022370158,False,-0.14148618556785716,0.3072527295828479,1,False,0.4487389151507051,False,False,0.062067694072181656,0.18555045477685872,1,False,0.12348276070467706,True,False
669,0.07395617915965494,0.10604056332434166,0.10184781970046239,0.3740177626180651,False,-0.21478561554844725,0.37505031408715694,1,False,0.5898359296356042,False,False,0.02536634127076543,0.2054555234026191,1,False,0.18008918213185368,True,False
670,0.061725735472760536,0.07089466614830928,0.10184968760333568,0.20331770042482927,True,-0.07418780469654128,0.26020182137118764,1,False,0.33438962606772893,False,False,0.023834155145131257,0.17711772987559013,1,False,0.15328357473045887,True,False
671,0.10751522768923175,0.10833990142583769,0.10184865962573875,0.32010330640269014,True,-0.12176959096624772,0.32995142689496576,1,False,0.4517210178612135,False,False,0.0247021982398964,0.17917335236795473,1,False,0.15447115412805834,True,False
672,0.08600941116559768,0.08523351322192296,0.10184934558957208,0.3121838208151775,False,-0.17651668583843896,0.34388015260966176,1,False,0.5203968384481007,False,False,0.042559171850971036,0.2240561054751396,1,False,0.18149693362416858,True,False
673,0.08082866893645757,0.08330702085484494,0.10184963433900705,0.2812149621749117,False,-0.12040802419786717,0.3438735524330475,1,False,0.4642815766309147,False,False,0.017143349581441886,0.20392847060841687,1,False,0.18678512102697498,True,False
674,0.11219303469026358,0.12699144058537745,0.10184865859957938,0.2544076096535133,False,-0.12868200899772966,0.3347103567306498,1,False,0.4633923657283795,False,False,-0.10349800035672893,0.18504965913768018,1,False,0.2885476594944091,False,False
675,0.06338459630253038,0.08144759728225756,0.10184888619018272,0.2955679535033038,False,-0.14040107341258182,0.36166786789533734,1,False,0.5020689413079191,False,False,0.039280528611903634,0.25831136221778694,1,False,0.21903083360588332,True,False
676,0.10978899114477894,0.08973964190256085,0.10185002748469105,0.1379772584471256,False,-0.02308725577854656,0.21799988433049972,1,False,0.24108714010904628,False,False,0.051608079343897786,0.14056619287032357,1,False,0.08895811352642578,True,False
677,0.07550227448570863,0.1015405130319243,0.10185097380387705,0.23547009345098865,False,-0.0791145448330332,0.291483527513056,1,False,0.3705980723460892,False,False,0.0406136344830088,0.1797727871031361,1,False,0.1391591526201273,True,False
678,0.09607939671636068,0.11559167099896096,0.10184860060338274,0.26313039915405473,True,-0.10195387662834948,0.35187915993605323,1,False,0.4538330365644027,False,False,0.039442202969295494,0.16590529513358623,1,False,0.12646309216429075,True,False
679,0.06882244615601671,0.09368261829100115,0.10184652044761311,0.2845969906345659,True,-0.16774459066551797,0.3935460476500959,1,False,0.5612906383156139,False,False,-0.019751091185333098,0.1924080310646636,1,False,0.2121591222499967,False,False
680,0.11265832827996035,0.09650866350665724,0.10185174508330881,0.2925760578117129,False,-0.14479100156401234,0.4061770198136536,1,False,0.550968021377666,False,False,0.006583505150774242,0.17825717099509103,2,False,0.1696556440008263,True,False
681,0.0997149336558695,0.07396200088947273,0.10184996978405285,0.2978594312382648,False,-0.19810194854159097,0.3617928537284272,1,False,0.5598948022700181,False,False,0.05864430335090461,0.25953508165227357,1,False,0.20089077830136895,True,False
682,0.0882585909565674,0.08754504393910192,0.10184992273267908,0.2586146485783637,False,-0.07756623066000463,0.36185953527420506,1,False,0.4394257659342097,False,False,0.04666613255063616,0.2374772899759141,1,False,0.19081115742527793,True,False
683,0.10100975452259225,0.08334759274033045,0.10184786902899032,0.31752407488821094,False,-0.2061437774573619,0.41914769248191514,1,False,0.6252914699392771,False,False,0.0363903528439397,0.19534662369535152,1,False,0.15895627085141184,True,False
684,0.11656390694994981,0.100782718608825,0.10184936274728294,0.21726322929029998,True,-0.08529468347754163,0.3338290883860012,1,False,0.4191237718635429,False,False,0.053450379283123864,0.18041304852147727,1,False,0.12696266923835342,True,False
685,0.10246387578486005,0.10296457967094792,0.10185101633185285,0.341949770634557,False,-0.1474776928358144,0.4466178523226555,1,False,0.59409554515847,False,False,0.05869938136021266,0.26892175771149357,1,False,0.2102223763512809,True,False
686,0.09887328191302554,0.0686669290647707,0.10185057921957387,0.19640082950926227,False,-0.05402603787514344,0.2547639258260273,1,False,0.30878996370117073,False,False,0.06861243169440231,0.16030193529291425,1,False,0.09168950359851194,True,False
687,0.11228540645321985,0.12809169786649516,0.10185098501917735,0.2752402773572814,True,-0.13042851551314333,0.3442600854546953,1,False,0.4746886009678386,False,False,0.04941359485205544,0.16771352653194255,1,False,0.11829993167988712,True,False
688,0.08077181357400262,0.1030136731358014,0.10184812197016829,0.2202452893584409,False,-0.06900623294726235,0.27321384894735146,1,False,0.34222008189461384,False,False,0.06138888358652899,0.1743968570243113,1,False,0.1130079734377823,True,False
689,0.06977132268541081,0.1339423545539356,0.10185148607875255,0.33615047862075736,False,-0.17931478262279063,0.37473181405788697,1,False,0.5540465966806776,False,False,0.004502662768174253,0.14246836477024177,1,False,0.1379657020020675,True,False
690,0.09689013161601995,0.11409840177909246,0.10184927156220966,0.23333704121506413,False,-0.08650529639952236,0.3102657478491404,1,False,0.3967710442486628,False,False,0.03452258686797434,0.20404923848161405,1,False,0.16952665161363972,True,False
691,0.09036041818423743,0.09839350072093092,0.10184991326290846,0.2094527699855476,False,-0.08317334553902103,0.2824903623327424,1,False,0.3656637078717634,False,False,0.038669738571781534,0.18640646969655394,1,False,0.14773673112477242,True,False
692,0.08572749304270008,0.13850991741593383,0.10185050288711799,0.21431306641180617,False,-0.08655427943899739,0.2873776320432863,1,False,0.3739319114822837,False,False,0.03579044101179375,0.26657838565198344,1,False,0.2307879446401897,True,False
693,0.07535681894257278,0.11025512447145883,0.10184931921953048,0.2872060330528101,False,-0.14720503236422716,0.329878428720746,1,False,0.4770834610849732,False,False,-0.009050152802381568,0.17019028394809838,1,False,0.17924043675047993,False,False
694,0.12720868022637802,0.09711982887746047,0.10185251106784997,0.17337745080353095,False,-0.018691001829662872,0.28521341633247654,1,False,0.3039044181621394,False,False,0.04772803336441517,0.1858456003986687,1,False,0.13811756703425354,True,False
695,0.1296316776996651,0.12367807099290178,0.10184926859096666,0.45061749948986773,True,-0.2607804570305734,0.5295819508655006,1,False,0.790362407896074,False,False,0.01445569109720449,0.25203232124046626,1,False,0.23757663014326177,True,False
696,0.08507779570757452,0.10818613745445865,0.10185061870071538,0.22821251089277905,False,-0.11571730333366502,0.282687464276748,1,False,0.39840476761041305,False,False,0.03743876724825716,0.16235671961329523,1,False,0.12491795236503807,True,False
697,0.08830600664225355,0.0842667376293955,0.10184940186340019,0.2286276216934555,True,-0.10534445962343049,0.28372648281963536,1,False,0.38907094244306584,False,False,0.01490850099612616,0.14048878325962982,1,False,0.12558028226350365,True,False
698,0.12646597811042412,0.13028391580661475,0.10184864560157528,0.22017181081513518,True,-0.03386333514188256,0.29400654139881827,1,False,0.3278698765407008,False,False,0.08066178972355793,0.2230724601537228,1,False,0.14241067043016487,True,True
699,0.09583725066004056,0.07653953971704175,0.10184951517424903,0.3617721413633525,False,-0.23059091196560336,0.37614316191813124,1,False,0.6067340738837346,False,False,-0.010422863433258774,0.2356947446465102,1,False,0.24611760807976896,False,False
700,0.10129221530620677,0.10150711118175978,0.10185016166984083,0.2505071423983247,True,-0.07641322942186693,0.33416266256662425,1,False,0.4105758919884912,False,False,0.05086146431076035,0.2083011823144535,1,False,0.15743971800369314,True,False
701,0.09622320314453348,0.09473805624741366,0.10184638504477969,0.3444354671204117,True,-0.1749174618871586,0.4261016467377338,1,False,0.6010191086248924,False,False,0.049546848540580495,0.1783106671924254,1,False,0.12876381865184489,True,False
702,0.11267212396162075,0.0713210681101402,0.10184974405499814,0.3120338191105228,False,-0.13575333601185183,0.4288274979917079,1,False,0.5645808340035597,False,False,0.03414127771987048,0.22556516886884181,1,False,0.19142389114897135,True,False
703,0.10358327687019961,0.12417873331289069,0.10184919267583499,0.3158214878348465,False,-0.1568722058721121,0.3925598137129026,1,False,0.5494320195850146,False,False,0.07933579488399409,0.20620796568818178,1,False,0.1268721708041877,True,True
704,0.07871290329455591,0.08428371363596607,0.10184994520283235,0.26435180052047946,False,-0.10840468830499264,0.294644823648412,1,False,0.40304951195340466,False,False,0.030692711738884826,0.14147662431103186,1,False,0.11078391257214704,True,False
705,0.08939519123286935,0.09964905567529661,0.10184960862850662,0.22525932395352002,False,-0.054461617523732395,0.2818006205412486,1,False,0.336262238064981,False,False,0.03205362214180686,0.16487616249938547,1,False,0.13282254035757862,True,False
706,0.09801065208490016,0.10070981392665052,0.10184847159920037,0.34616096064111235,False,-0.15090514257957724,0.38870951544865695,1,False,0.5396146580282342,False,False,0.002097423904206334,0.16121492017745898,1,False,0.15911749627325264,True,False
707,0.10641599081617052,0.12126512188631272,0.10184756742684656,0.3704249344617684,False,-0.21637015130770723,0.465729510913667,1,False,0.6820996622213742,False,False,0.018005524583256313,0.31015659692297204,2,False,0.21920639507429562,True,False
708,0.09865093177514686,0.09568014845193203,0.10184989663795559,0.16928719570108378,True,-0.053152787745284265,0.2321684592735818,1,False,0.2853212470188661,False,False,0.07049214371013016,0.13101346021066623,1,False,0.060521316500536076,True,False
709,0.12396163113550818,0.10219430395777301,0.10184843031176025,0.3783257839307452,False,-0.2187339669856737,0.44659925170505005,1,False,0.6653332186907237,False,False,0.016902117134066943,0.21737646327006066,1,False,0.20047434613599371,True,False
710,0.10252478440179043,0.11011212990268872,0.10184959599216857,0.3484209005947653,False,-0.20555277825029575,0.37965284336702,1,False,0.5852056216173157,False,False,0.061989082063006046,0.18605299987621807,1,False,0.12406391781321202,True,False
711,0.12205440848200577,0.10396519847375832,0.10184951767395438,0.28002825505303475,False,-0.13561593391383778,0.3523635959904586,1,False,0.4879795299042964,False,False,0.006966766594864618,0.15396636456885496,1,False,0.14699959797399034,True,False
712,0.10613659317484384,0.09122873552060266,0.10185105141231796,0.19358757222514875,False,-0.04292098299955975,0.28316039738592186,1,False,0.3260813803854816,False,False,0.04409391973483162,0.17868881524098765,1,False,0.13459489550615603,True,False
713,0.10086080778329654,0.11405458021654984,0.10184899394320644,0.10976761198805723,False,-0.004953230637024473,0.21947921221108377,1,False,0.22443244284810823,False,False,0.0676956645982495,0.1648743708132045,1,False,0.097178706214955,True,False
714,0.09251517494243153,0.07135471547868863,0.10184733878641998,0.2616135380700065,True,-0.1572346593170111,0.3219260359640522,1,False,0.4791606952810633,False,False,0.03546987601819567,0.1543668164537887,1,False,0.11889694043559301,True,False
715,0.11082407815990025,0.12482885596543397,0.1018492468783811,0.2362116213631212,False,-0.1321099804731797,0.32121712844174877,1,False,0.45332710891492844,False,False,0.048180248469666814,0.17643657408032784,1,False,0.12825632561066103,True,False
716,0.11031350163634804,0.12060648785070359,0.10185052347309352,0.24672159259269064,False,-0.1002039649352175,0.3506699495834051,1,False,0.4508739145186226,False,False,0.02977765799024435,0.1960865117663605,1,False,0.16630885377611615,True,False
717,0.0953930970472107,0.09698745383368902,0.10184891031655252,0.2180155657221008,False,-0.0902687560692461,0.28906706089323586,1,False,0.379335816962482,False,False,0.06133611445920384,0.17771119373280542,1,False,0.11637507927360158,True,False
718,0.07021509236168794,0.09018748051957559,0.10184868794979456,0.21255137669456928,True,-0.0817884186533547,0.2625742508479275,1,False,0.34436266950128225,False,False,0.025919505133363475,0.13522943250647265,1,False,0.10930992737310918,True,False
719,0.08442405293356481,0.08221828129572988,0.10185006693699758,0.2091099708466138,False,-0.07194456122891338,0.2655377761734169,1,False,0.33748233740233025,False,False,0.057342136935417384,0.17785022789821653,2,False,0.11016060610318348,True,False
720,0.10294171843327626,0.06425923937845598,0.10184971982261844,0.3250532760251071,True,-0.20291862199115496,0.3992834190123871,1,False,0.602202041003542,False,False,-0.03263761680590944,0.21747493716846455,1,False,0.250112553974374,False,False
721,0.09485957454955288,0.10451422551837401,0.10184864196676051,0.322614246115724,False,-0.18574747106588457,0.3513798437595961,1,False,0.5371273148254807,False,False,0.038494251159918516,0.22742538357251876,1,False,0.18893113241260023,True,False
722,0.1030291935325433,0.10404481689028748,0.10184753271830554,0.29464422987275385,True,-0.12173454304851505,0.3829162866191327,1,False,0.5046508296676477,False,False,0.028500512592543287,0.20509317093044632,2,False,0.16913454992269072,True,False
723,0.10545206723572806,0.10628546108602853,0.10184722405459,0.3256082465447098,False,-0.2127936583118557,0.3572573665128378,1,False,0.5700510248246935,False,False,0.06740497778206136,0.1622069224124165,1,False,0.09480194463035513,True,False
724,0.10017706068433371,0.0898284926017704,0.10184786871206324,0.17487418990693138,True,-0.03639430416976142,0.22078415062015985,1,False,0.2571784547899213,False,False,0.06829868512384137,0.1423319676493946,1,False,0.07403328252555323,True,False
725,0.13361888475373768,0.09677926542654822,0.10184980996569765,0.23951179898444414,False,-0.05964456397150825,0.32310576795231377,1,False,0.382750331923822,False,False,0.03396830960502423,0.2016175243840154,2,False,0.16247518615784978,True,False
726,0.10272407442329817,0.15390618519454163,0.10184905494798312,0.25047212479102593,False,-0.09171040362894826,0.3205994556455365,1,False,0.41230985927448477,False,False,0.04442126442104365,0.16589124767208377,1,False,0.12146998325104011,True,False
727,0.12431583733740156,0.13314552767722848,0.10184922377313878,0.2677922878764748,False,-0.08806022946306347,0.34002071041485415,1,False,0.4280809398779176,False,False,0.05475373138884275,0.22963910852153935,1,False,0.17488537713269658,True,False
728,0.06015427152458451,0.09067887162804299,0.10184950100673101,0.3053624552231484,False,-0.18686860228190835,0.37330842376538625,1,False,0.5601770260472946,False,False,0.024008748807431632,0.1778318986403047,1,False,0.15382314983287304,True,False
729,0.10843585252724963,0.08341920552334262,0.10184768204735176,0.18362147238356097,False,-0.012397794316852588,0.25582345845679283,1,False,0.2682212527736454,False,False,0.0730988702966246,0.1604820870871273,1,False,0.0873832167905027,True,True
730,0.10462055867439606,0.10786745586174024,0.10184958752924911,0.36007359137047035,False,-0.26704841227082105,0.3860672855624005,1,False,0.6531156978332215,False,False,0.05895899791696707,0.23037967497732725,1,False,0.17142067706036018,True,False
731,0.08135032310582165,0.06126413084052967,0.10184971277175102,0.3377148542477471,False,-0.15840457560512664,0.38099019977934434,1,False,0.539394775384471,False,False,0.014861478909372387,0.31161337359632196,1,False,0.29675189468694957,True,False
732,0.10155557210049129,0.11091658752074099,0.10184859007993138,0.30849696429753454,True,-0.1360408849742148,0.4175572332138614,1,False,0.5535981181880762,False,False,0.024133989588209885,0.17646176494241522,1,False,0.15232777535420533,True,False
733,0.11778910981810295,0.07967708189581467,0.10184903790287057,0.1985898122665843,False,-0.05673917207154062,0.2800553160524189,1,False,0.3367944881239595,False,False,0.04869662412747784,0.17148998131825594,1,False,0.1227933571907781,True,False
734,0.1324511322783235,0.12897177207031102,0.10184803399525519,0.21649686134286378,False,-0.12662179880187288,0.3218316917785212,1,False,0.4484534905803941,False,False,-0.04155622701633126,0.18048764609190115,1,False,0.22204387310823243,False,False
735,0.08143398724026665,0.08757890536524347,0.10185019077594873,0.2535241070021191,False,-0.10249368410752041,0.293798312378265,1,False,0.3962919964857854,False,False,0.0365318526858867,0.1844914058499765,1,False,0.14795955316408982,True,False
736,0.09328855884338583,0.08195172023284117,0.10184803256729694,0.1946664461127611,False,-0.04718896663238402,0.3201979441936013,1,False,0.36738691082598535,False,False,0.049615706575397475,0.2181738041096679,1,False,0.16855809753427042,True,False
737,0.11094549349985147,0.09414366178461851,0.10184879960550623,0.19802677646012415,False,-0.0870657788756607,0.22118658453002427,1,False,0.30825236340568496,False,False,0.07093830685446789,0.18908231031144393,1,False,0.11814400345697604,True,True
738,0.10013341900915171,0.07418734891820769,0.10184758833022375,0.2625816993215653,False,-0.13987766094790047,0.32800306208545227,1,False,0.4678807230333527,False,False,0.029898471592197745,0.19534908328987485,1,False,0.1654506116976771,True,False
739,0.06671756100628136,0.11229660196093737,0.10184939359341014,0.262986629239162,False,-0.113368514043732,0.28689077548773884,1,False,0.40025928953147083,False,False,0.02511141757716328,0.155616897952986,1,False,0.1305054803758227,True,False
740,0.1090907172925854,0.11775709275521892,0.10184765754639973,0.35808647829564727,False,-0.1593098232108426,0.3939464378731801,1,False,0.5532562610840227,False,False,0.04465014694031688,0.24161023504966384,1,False,0.19696008810934695,True,False
741,0.0980372568963857,0.09160326296561969,0.10184848290529303,0.14779389078794358,False,-0.02421682117067598,0.21798210246706046,1,False,0.24219892363773643,False,False,0.04687846022160025,0.1313078745446437,1,False,0.08442941432304346,True,False
742,0.09314698200716215,0.09378949501883513,0.10185064288956787,0.2070917792202757,True,-0.08318281755441957,0.3096820381134292,1,False,0.3928648556678488,False,False,0.03880946149346613,0.14330780463511947,1,False,0.10449834314165334,True,False
743,0.0679008781430203,0.0774102013620651,0.10185055476768783,0.25984066703222103,False,-0.12082419749830131,0.32273513339581317,1,False,0.4435593308941145,False,False,0.017045904041293723,0.15881470797659472,1,False,0.141768803935301,True,False
744,0.0950533906685802,0.10811468847659232,0.10185016388581043,0.3025167744839124,True,-0.10208168748518827,0.3716057739745742,1,False,0.4736874614597625,False,False,0.0050327203556417245,0.19568552428696112,2,False,0.17964199120325577,True,False
745,0.11351373963507132,0.07741991449155065,0.10185049190249673,0.26029658231219965,False,-0.10621128498172494,0.371586793283141,1,False,0.4777980782648659,False,False,0.04777967838455686,0.24533120843667633,1,False,0.19755153005211948,True,False
746,0.09958204402739956,0.08536802134803047,0.10184922902583088,0.2000521761233169,False,-0.06282247878197927,0.3205410955704699,1,False,0.38336357435244917,False,False,0.06380256884653321,0.18649203692402627,1,False,0.12268946807749306,True,False
747,0.09569970080845314,0.0963228992257219,0.10184868133430795,0.2899987364871821,False,-0.12689180994580423,0.3416179178489589,1,False,0.46850972779476313,False,False,0.08254810815748595,0.2183828902138295,1,False,0.13583478205634356,True,True
748,0.08519882148914995,0.11293148451351982,0.10184950887757127,0.2978661390347966,False,-0.12577029913937512,0.31494453612111595,1,False,0.44071483526049104,False,False,0.001500260375223844,0.1530387614184607,1,False,0.15153850104323685,True,False
749,0.0918005559579558,0.20360934524828744,0.10185125091627108,0.2716590097242205,True,-0.07223150375083931,0.30120319835184595,1,False,0.37343470210268526,False,False,0.05359896750588451,0.22854368447894685,2,False,0.11282106302059884,True,False
750,0.09934304301002185,0.15967224706294336,0.10185078903443867,0.23384901733925503,True,-0.1071413995189282,0.29254992622399056,1,False,0.39969132574291877,False,False,0.031375927231476086,0.19563319776724425,1,False,0.16425727053576816,True,False
751,0.0983608237654074,0.12950044655813614,0.10184954810637549,0.19733766551189327,False,-0.04165963245639144,0.299190816536276,1,False,0.3408504489926674,False,False,0.08807626066250046,0.19671419919150057,1,False,0.10863793852900011,True,True
752,0.11953880925295485,0.11079878244606328,0.10185029013731542,0.2614281816443545,False,-0.10281914826536162,0.3596439443930483,1,False,0.4624630926584099,False,False,0.04906075508117824,0.2593244585041268,1,False,0.21026370342294853,True,False
753,0.09791994539528748,0.08531420318788858,0.10184939346092048,0.3123789335259444,False,-0.13560637402148765,0.3457253246539228,1,False,0.4813316986754105,False,False,0.0674346891791005,0.16714133071973203,1,False,0.09970664154063152,True,False
754,0.12533971841392016,0.09625387264553845,0.10185062641454504,0.19352047632094502,False,-0.04362089194820414,0.30584004672823195,1,False,0.3494609386764361,False,False,0.07169159458245247,0.24164851330551512,2,False,0.15979185846059524,True,True
755,0.0888163040554168,0.09890910760715695,0.10184803338899837,0.25991835989243434,False,-0.09599735065846164,0.3053961188147809,1,False,0.40139346947324256,False,False,0.060248061310891554,0.17811289004179554,1,False,0.11786482873090398,True,False
756,0.09340984004927151,0.1087114459416741,0.10185025316835915,0.4325446362388907,True,-0.2922217867992996,0.40161192317794125,1,False,0.6938337099772409,False,False,0.016097115214749658,0.1899170391383938,1,False,0.17381992392364415,True,False
757,0.059112716208914805,0.09628238821757788,0.1018505066970716,0.2806125626977279,False,-0.14961103545634313,0.3652041424256938,1,False,0.5148151778820369,False,False,0.0022337198794396195,0.24245201315745019,1,False,0.24021829327801056,True,False
758,0.09872409802267842,0.11980376660678631,0.10184831709429423,0.14057238926082727,False,-0.008668452233307235,0.22111638611986129,1,False,0.2297848383531685,False,False,0.032473795896808544,0.16735664625528546,1,False,0.1348828503584769,True,False
759,0.13014928186865155,0.05497095337222502,0.10184895538923086,0.3361037171519507,False,-0.12547548325403404,0.43396508204851,1,False,0.559440565302544,False,False,-0.013483162204206766,0.20139277593575539,1,False,0.21487593813996214,False,False
760,0.08625964677047591,0.08221286126817431,0.10184776005331517,0.23617615761393887,True,-0.06671405629650712,0.2939923080311644,1,False,0.3607063643276715,False,False,0.024325417535086425,0.17470519743854773,1,False,0.1503797799034613,True,False
761,0.11528517958080844,0.12900246973813112,0.10184699108853813,0.30814153144381645,True,-0.1273888043453124,0.3723480498440857,1,False,0.4997368541893981,False,False,0.05225229979686874,0.19014522086294672,1,False,0.13789292106607798,True,False
762,0.13226804432183686,0.12767474309268237,0.10184813818213415,0.25672011345835505,False,-0.10280360583110551,0.3268174896925988,1,False,0.4296210955237043,False,False,0.03852657396816847,0.16401514855823743,1,False,0.12548857459006896,True,False
763,0.08035026086308382,0.1127826371899177,0.10184888477446052,0.20569481100647252,False,-0.09547559531459288,0.24694770986466297,1,False,0.34242330517925584,False,False,0.03531453541589506,0.20997821500021407,1,False,0.174663679584319,True,False
764,0.07949422675615021,0.11225524202608941,0.10184914006582076,0.24481055106703953,False,-0.06306126553101665,0.3102483109374873,1,False,0.37330957646850393,False,False,0.054144994458526136,0.165477170602565,1,False,0.11133217614403887,True,False
765,0.11110239419742199,0.12480296286477319,0.10185062267329487,0.20607321686124233,True,-0.05238632086793252,0.31137578365960905,1,False,0.36376210452754154,False,False,0.072321008394721,0.17039741222122773,1,False,0.09807640382650673,True,True
766,0.10725041274843128,0.08705745429087777,0.10184931088151421,0.3183146451819104,False,-0.13565690254350504,0.4256278837501227,1,False,0.5612847862936278,False,False,-2.1208081422647834e-05,0.20472885160023535,1,False,0.204750059681658,False,False
767,0.10385981405284554,0.09326994548393235,0.10184993190217684,0.11697619631615067,True,0.016961518461714127,0.19456909295552144,1,False,0.17760757449380732,True,False,0.0843935748402026,0.13892644392847348,1,False,0.054532869088270874,True,True
768,0.11895769352101448,0.0850586384045209,0.10184963967914522,0.25115949174141805,False,-0.12856462128768892,0.3208470125675003,1,False,0.44941163385518923,False,False,0.024697577605669114,0.16726843639226097,1,False,0.14257085878659184,True,False
769,0.0646496292761596,0.04937479257083665,0.10185024473073286,0.3905005867634836,False,-0.19800485589534075,0.4670493729190817,1,False,0.6650542288144224,False,False,0.004985300080307025,0.28438816940762857,1,False,0.27940286932732156,True,False
770,0.07157181935450874,0.11162503324455118,0.10185057450579144,0.21742331608739965,False,-0.09184125595606596,0.29706962964423717,1,False,0.3889108856003031,False,False,0.04987712072437382,0.15222798474613575,1,False,0.10235086402176193,True,False
771,0.10428960165087081,0.08725660571632468,0.10184893509971393,0.2412961412125859,False,-0.10912086426575883,0.2909276273835679,1,False,0.40004849164932677,False,False,0.028087696284843325,0.176838286741164,2,False,0.1326444277322972,True,False
772,0.09878250362268653,0.12214942932386237,0.10185194697600157,0.24043405499245007,True,-0.09496527276158283,0.3304497754640616,1,False,0.42541504822564447,False,False,0.043026016647542784,0.1887854414173008,1,False,0.145759424769758,True,False
773,0.08523734346873182,0.11584851846413996,0.1018499840988772,0.1749253415996319,False,-0.048634313592662015,0.2647998829597483,1,False,0.31343419655241034,False,False,0.06072235186945169,0.2252039417546102,1,False,0.1644815898851585,True,False
774,0.13487209736167957,0.09925068280421503,0.10184959721551103,0.2758759724899764,True,-0.12514262393477354,0.34790894036956754,1,False,0.4730515643043411,False,False,0.04269902830081618,0.21148151677122823,1,False,0.16878248847041205,True,False
775,0.1185526669563142,0.09146094977400208,0.10184839869275951,0.1811702546095651,False,-0.030086018851496837,0.2773116169731669,1,False,0.30739763582466373,False,False,0.05229061555438001,0.20320807191833384,1,False,0.15091745636395382,True,False
776,0.11837182777588805,0.11743600201577037,0.10184948516820878,0.4288696079769731,True,-0.20180748417812241,0.5649075843159421,1,False,0.7667150684940646,False,False,0.04548836264269911,0.21715109967047447,1,False,0.17166273702777535,True,False
777,0.11058737626972615,0.10590257257125824,0.10184799530357766,0.2696709572267372,True,-0.13347931289166726,0.3456233722908497,1,False,0.479102685182517,False,False,0.014696683172018039,0.19482712625059892,1,False,0.1801304430785809,True,False
778,0.07080993377797369,0.11989845522800105,0.10184927607756751,0.23235289050131724,False,-0.05244427280616987,0.26223874115714507,1,False,0.31468301396331494,False,False,0.040157774267854975,0.15979400036099176,1,False,0.11963622609313679,True,False
779,0.0797635735372211,0.08795261965968826,0.10184997805243476,0.2104658532575961,False,-0.07462065388389544,0.28341361264656556,1,False,0.358034266530461,False,False,0.05916794175475639,0.184552522275014,1,False,0.1253845805202576,True,False
780,0.08339520205971025,0.0975896610369872,0.10185003443772549,0.17234910516853194,False,-0.05029353830606924,0.2473337987189803,1,False,0.29762733702504957,False,False,0.016563865763693127,0.15081353805774037,1,False,0.13424967229404725,True,False
781,0.07196063144712414,0.10718720710001844,0.1018508324545392,0.2951940167094042,False,-0.13723942091760985,0.3284158071177786,1,False,0.4656552280353885,False,False,0.014714192964620478,0.18307865476446905,2,False,0.1631847498964515,True,False
782,0.1462520943613977,0.10985226076997072,0.10184775872929418,0.21937984643321967,False,-0.0519926573953837,0.32867247520329773,1,False,0.38066513259868145,False,False,0.051867195874198115,0.23765610299060405,3,False,0.1717179154275782,True,False
783,0.08116424620064601,0.14973391230512875,0.1018510341750366,0.24964343856413415,False,-0.14655556888430218,0.31282883956443697,1,False,0.4593844084487392,False,False,0.039186674399935645,0.16393741745753282,1,False,0.12475074305759717,True,False
784,0.11074960280629004,0.12166831981735068,0.10184974007914928,0.22007182015942275,False,-0.11371525634675222,0.31224704370845474,1,False,0.42596230005520697,False,False,0.0006679140628450225,0.1706452556691998,1,False,0.16997734160635478,True,False
785,0.10639632945982624,0.07974800078245843,0.10184616011421511,0.20641590746731428,False,-0.05576388527526747,0.25802175424169166,1,False,0.31378563951695915,False,False,0.0433553095352715,0.19043073281327322,1,False,0.14707542327800172,True,False
786,0.04705785991157571,0.09535021055575817,0.10184890836801552,0.24864132275695536,False,-0.09127732284354667,0.33471974331303267,1,False,0.42599706615657934,False,False,0.008629702953670234,0.28004014332936356,3,False,0.18281101094029611,True,False
787,0.10700040661187395,0.11710574553332388,0.1018487430134029,0.2002330993911081,False,-0.08769172368013509,0.2990795716224153,1,False,0.3867712953025504,False,False,0.03700266551243432,0.2946930940351583,1,False,0.257690428522724,True,False
788,0.0678113791600126,0.13550338056846356,0.10184635969065008,0.2870576072254265,False,-0.14022963208722253,0.368066091864287,1,False,0.5082957239515096,False,False,0.019074530010079915,0.2118068653069754,1,False,0.19273233529689549,True,False
789,0.07109585149408526,0.12512207041856427,0.10184928722941952,0.23339831957442478,False,-0.09489924364865568,0.28554866914406907,1,False,0.3804479127927247,False,False,0.02194744691544149,0.13617511598551252,1,False,0.11422766907007104,True,False
790,0.08373234100607685,0.10246491616322854,0.1018494051246896,0.2846398050000965,False,-0.15607930548651353,0.33262366689013284,1,False,0.4887029723766464,False,False,0.038885183630354245,0.16858479768480633,1,False,0.12969961405445207,True,False
791,0.061099597424230115,0.11263714093762904,0.10185198333011036,0.34444091002000987,False,-0.12836770031753428,0.3755950509845761,1,False,0.5039627513021103,False,False,0.0005818514242510587,0.23089206929649542,2,False,0.17818631364690277,True,False
792,0.07955734204730863,0.07435360376149223,0.10184958140381277,0.1993281006727498,False,-0.05692143141960865,0.2439223687626675,1,False,0.3008438001822762,False,False,0.045482465809017984,0.17404055452116796,1,False,0.12855808871214996,True,False
793,0.10276970583702782,0.13236486133182537,0.1018497141331504,0.23488262932313203,True,-0.10803598137714286,0.29527189432800255,1,False,0.4033078757051454,False,False,0.04079171811038639,0.1809437892773994,1,False,0.140152071167013,True,False
794,0.09527508224486908,0.09176224220262198,0.10184894274738283,0.1747449173635946,False,-0.023197505222127116,0.23460331915190274,1,False,0.25780082437402985,False,False,0.048776482736902986,0.12798257306857197,1,False,0.07920609033166898,True,False
795,0.12100372901325446,0.1281102094988835,0.10184883344496569,0.3912080980705676,False,-0.18889785156109787,0.40205190106895433,1,False,0.5909497526300522,False,False,0.018438904385651385,0.2370394940850743,1,False,0.21860058969942292,True,False
796,0.12097752021585512,0.0999171625368005,0.10184839511984681,0.22056706256488112,True,-0.06256008841645169,0.29407270890935927,1,False,0.356632797325811,False,False,0.08327648402075019,0.22010764413148548,1,False,0.1368311601107353,True,True
797,0.0759548571743573,0.08960040985700687,0.10184963366114784,0.20699206969446657,True,-0.05138447292482198,0.2768503729153805,1,False,0.32823484584020246,False,False,0.03032262335404512,0.13413184488812702,1,False,0.1038092215340819,True,False
798,0.13606512070213345,0.106590586486913,0.10185084587525428,0.2139188763758387,False,-0.08414537714333892,0.30637704344951294,1,False,0.39052242059285186,False,False,0.08136468216695456,0.18372981009048317,1,False,0.10236512792352861,True,True
799,0.08774959226847075,0.09417741314684717,0.10185019508358636,0.1683288863114076,True,-0.05102840439957113,0.25152902326973525,1,False,0.3025574276693064,False,False,0.05793155605911128,0.14902840010870433,1,False,0.09109684404959305,True,False
800,0.0993785402847529,0.09864465317556348,0.10185008754257209,0.2806961910184711,False,-0.11967489827371972,0.2937818464772307,1,False,0.4134567447509504,False,False,0.03959956062186695,0.17638545688267365,1,False,0.1367858962608067,True,False
801,0.07465606648407644,0.09830706539014257,0.10184936084680636,0.24415429676572642,False,-0.07403456366280343,0.2994720007149464,1,False,0.3735065643777498,False,False,0.05346349525457804,0.1483611144109519,1,False,0.09489761915637386,True,False
802,0.08097828399375576,0.12474692488215383,0.10185047257312646,0.3399448782023836,True,-0.20668973400082488,0.43226520343961905,1,False,0.638954937440444,False,False,0.007345866035637037,0.19127610206907442,1,False,0.1839302360334374,True,False
803,0.11323859973142203,0.12295047673032888,0.10184865601763894,0.276850110571188,False,-0.11368728527601038,0.4234364395295547,1,False,0.537123724805565,False,False,0.028384184314180383,0.3092688313415152,2,False,0.2336958527149237,True,False
804,0.1088612282975509,0.10591268911248379,0.10184964953610647,0.17885079695309594,False,-0.06967638192984553,0.23436451726439195,1,False,0.3040408991942375,False,False,0.06604793761119884,0.16588443055663762,2,False,0.09964966580448033,True,False
805,0.10024932331763783,0.11387258963998396,0.10185096227846557,0.2395770948469354,True,-0.05800777380332885,0.2780592519837904,1,False,0.3360670257871192,False,False,0.06230264172692111,0.15693755051461414,1,False,0.09463490878769303,True,False
806,0.06861550837365882,0.07915777455790059,0.10185112121179692,0.2202012707261144,False,-0.10906780155996072,0.3548688517385268,1,False,0.4639366532984875,False,False,0.010849965046714791,0.23554097019931858,1,False,0.2246910051526038,True,False
807,0.10331272951124623,0.09965856605940095,0.10184730334639697,0.4291768185859215,False,-0.28381724652603046,0.5073580256513671,1,False,0.7911752721773976,False,False,0.00863632695048702,0.17921036687817155,1,False,0.17057403992768452,True,False
808,0.1206856077001788,0.10759339015948613,0.10184851971589926,0.20159749300769644,False,-0.008725541147874886,0.26866570385498684,1,False,0.2773912450028617,False,False,0.07705301703598423,0.15617388198171595,1,False,0.07912086494573171,True,True
809,0.06948949699303311,0.10424377676034915,0.10184921871925806,0.3046801608763991,True,-0.12751519209901424,0.3436461385357591,1,False,0.47116133063477333,False,False,0.0032405199640407317,0.19556609511315087,1,False,0.19232557514911014,True,False
810,0.09173457442209011,0.11935340121524632,0.10185225541407852,0.2422121004782296,False,-0.06592460287545286,0.30675571470877044,1,False,0.3726803175842233,False,False,0.028300831934087244,0.13260348572350222,1,False,0.10430265378941497,True,False
811,0.12061703884327789,0.06438201265468851,0.10185032486319624,0.3104067069100183,True,-0.17012542039310083,0.40866745389542414,1,False,0.578792874288525,False,False,0.03658462103916003,0.19356608268107195,1,False,0.15698146164191193,True,False
812,0.08027843230449598,0.09550010084112949,0.10184785582600962,0.14953218488400988,True,-0.03860883770778796,0.22444474629394148,1,False,0.26305358400172946,False,False,0.028982089608709044,0.14312176121995743,1,False,0.11413967161124838,True,False
813,0.10129595998600745,0.0723369663770875,0.10184955944716845,0.18341329670682718,False,-0.038074900168624054,0.28459573817011563,1,False,0.32267063833873966,False,False,0.05838676388853112,0.16223813936427392,1,False,0.1038513754757428,True,False
814,0.08391934891698136,0.10073729333316,0.1018506175744986,0.29654022555612003,True,-0.12520521555186356,0.3386679067134402,1,False,0.46387312226530375,False,False,0.057778394217601795,0.23773434663289578,1,False,0.179955952415294,True,False
815,0.05998776020947956,0.10897938622222834,0.10184976874074396,0.21308554329424326,False,-0.10828456068653865,0.2584464510662727,1,False,0.3667310117528113,False,False,2.0441239786305967e-05,0.1250180395447995,2,False,0.11458855504804827,True,False
816,0.1383957728527816,0.09561210412315871,0.10184891170361741,0.2619397771521819,True,-0.1391426265749586,0.3302770850187211,1,False,0.4694197115936797,False,False,0.07164425101073615,0.18436261702412976,1,False,0.1127183660133936,True,True
817,0.070701183994479,0.09579731880000436,0.10184987722813355,0.31744090200714625,False,-0.14265333046710021,0.38798071761146913,1,False,0.5306340480785694,False,False,0.04580407334107944,0.16963364715203424,1,False,0.1238295738109548,True,False
818,0.09236031805432673,0.08533322810030176,0.1018501218240981,0.2050437749928048,False,-0.09682339725889565,0.2580384338179318,1,False,0.35486183107682745,False,False,0.032890262004835524,0.15966868792787176,1,False,0.12677842592303623,True,False
819,0.10575044062927885,0.07681927932130174,0.10184974010251346,0.19966069894663077,False,-0.06132138009834651,0.26458371129598046,1,False,0.325905091394327,False,False,0.03785581173986811,0.16744516254130024,1,False,0.12958935080143213,True,False
820,0.08032706861306044,0.06757126461491118,0.10185014474480221,0.2595154209946752,False,-0.06636280626343515,0.31030615919239873,1,False,0.3766689654558339,False,False,0.010335551801759917,0.22968369942802117,1,False,0.21934814762626126,True,False
821,0.07742806079682743,0.09457419574637803,0.10184850333884159,0.2725590026500854,False,-0.11247535362207355,0.32797762370703737,1,False,0.44045297732911093,False,False,0.04117039931827368,0.18094023697908596,1,False,0.13976983766081227,True,False
822,0.08061104644012279,0.11542948027350859,0.10185009173764177,0.24148000188522378,False,-0.08934285464125863,0.3210881918375398,1,False,0.4104310464787984,False,False,0.04821720443419543,0.20365476423851303,1,False,0.15543755980431762,True,False
823,0.11510335999961532,0.1098545429075843,0.10184839083858632,0.29782166795942056,False,-0.1632020580931038,0.4017064723383813,1,False,0.5649085304314851,False,False,0.056801343306969634,0.18850828705941897,1,False,0.13170694375244935,True,False
824,0.09203112919466294,0.08561445337521263,0.10184964622135464,0.18430189805137512,False,-0.07271685135961027,0.28541815074755233,1,False,0.3581350021071626,False,False,0.013517195877701522,0.18404166825740514,1,False,0.1705244723797036,True,False
825,0.08927092357659591,0.08948454926091075,0.10184896345630408,0.25675943762232323,False,-0.11982884725841175,0.35403224498308816,1,False,0.4738610922414999,False,False,0.06012943582321985,0.3445067933113386,1,False,0.28437735748811876,True,False
826,0.09119084842262912,0.08462642338350541,0.10185038737833937,0.22566039308621288,False,-0.14777571539294976,0.2886310006236405,1,False,0.43640671601659026,False,False,0.05329769826849595,0.19855246632199489,1,False,0.14525476805349893,True,False
827,0.06737068210404748,0.0932945154222822,0.10184856228070363,0.3075784734049005,False,-0.12793561105181564,0.33795128865526575,1,False,0.4658868997070814,False,False,0.021673518412114557,0.1410596342483189,1,False,0.11938611583620436,True,False
828,0.08988905392791863,0.14201268179908497,0.10184973096378194,0.28509858783377606,False,-0.1305411525543863,0.3312577767040612,1,False,0.4617989292584475,False,False,0.05161086810912255,0.18802972883024233,1,False,0.13641886072111978,True,False
829,0.11074495791002342,0.11005273331984873,0.10184991078950378,0.248120532626332,True,-0.10235640784030756,0.37019873465262615,1,False,0.47255514249293373,False,False,0.05294402514826029,0.2540126345413774,1,False,0.2010686093931171,True,False
830,0.10381856417457763,0.11154320610242285,0.10184935078793325,0.380083299399292,False,-0.22342742332713308,0.5224974506706638,1,False,0.7459248739977968,False,False,0.03501626238280339,0.4653206880272572,2,False,0.3926449105889833,True,False
831,0.1163374925483918,0.08977489856740532,0.10184775647706752,0.22275706468347017,False,-0.08344582095761058,0.31816595774883166,1,False,0.40161177870644227,False,False,0.04018559003751321,0.2017528821839866,1,False,0.1615672921464734,True,False
832,0.07360892887928427,0.09390418481856094,0.10184777959916816,0.3088279478028457,False,-0.12385826575082998,0.4094383313389312,1,False,0.5332965970897612,False,False,0.043021138830425965,0.21474796838189383,1,False,0.17172682955146787,True,False
833,0.10863261335911761,0.13553234290045343,0.10185043899778179,0.25264339854692247,False,-0.08643020806211672,0.33827715375962836,1,False,0.42470736182174507,False,False,0.03556572264122456,0.22798400530544982,1,False,0.19241828266422525,True,False
834,0.052780963960625885,0.07991739134821764,0.10185010465721805,0.27060695154610487,False,-0.11827838533361511,0.3133136729379686,1,False,0.4315920582715837,False,False,0.009800887207982067,0.24328911215344282,1,False,0.23348822494546076,True,False
835,0.12887799272120504,0.13077082266361575,0.10184770627551416,0.17470225116531884,False,-0.003388569821969378,0.24743277143307296,1,False,0.25082134125504235,False,False,0.06742124373834057,0.17943856055526633,1,False,0.11201731681692575,True,False
836,0.03462929239513346,0.10009958734472509,0.10184871672439637,0.38239865453409905,False,-0.3088635304395352,0.37794373755218025,1,False,0.6868072679917154,False,False,0.004239098193095206,0.25913454660803503,1,False,0.25489544841493983,True,False
837,0.08733323557370125,0.0497174568219024,0.10184606834753882,0.22078874567745516,False,-0.08526215964891713,0.3387885579347394,1,False,0.42405071758365653,False,False,0.01861089522851514,0.30434187001040097,1,False,0.2857309747818858,True,False
838,0.11181241016138954,0.0892689833219927,0.10184920819448559,0.2326956576445018,False,-0.08757062158946274,0.3237461083606533,1,False,0.41131672995011603,False,False,0.030659662294304543,0.19505194731710374,3,False,0.1484794061302458,True,False
839,0.11278424015915034,0.07739614657072819,0.10184846103987547,0.31308159758730825,False,-0.14046494059905196,0.37602277975897613,1,False,0.516487720358028,False,False,-0.01220123000219016,0.17234348487129203,2,False,0.16735108352844377,False,False
840,0.10612204956637945,0.08905175286048261,0.10184846563729119,0.14013970988137608,False,-0.005238224008518681,0.21571509188726445,1,False,0.22095331589578313,False,False,0.06139570275748935,0.1586678091532259,1,False,0.09727210639573655,True,False
841,0.07040196309916959,0.10442916447622441,0.10184958899683891,0.20992330821999058,True,-0.0675624756375401,0.25522555714353623,1,False,0.3227880327810763,False,False,-0.007949436820440879,0.13361113075954673,1,False,0.1415605675799876,False,False
842,0.14367130647220494,0.15062228250782284,0.10184829299602072,0.31615981850827474,False,-0.13854077522673613,0.3895025883189179,1,False,0.5280433635456541,False,False,0.04088976670566395,0.2183502022512439,2,False,0.16798736960860614,True,False
843,0.0948997041552341,0.10005961136720552,0.10184947318145413,0.2365467495337172,False,-0.07150807925452318,0.25707796010157613,1,False,0.3285860393560993,False,False,0.05775380580136899,0.15003289936209732,1,False,0.09227909356072833,True,False
844,0.08482641752987011,0.12271543412338294,0.10185134685918722,0.20608624226935487,False,-0.08123655139033342,0.31249751964911754,1,False,0.39373407103945096,False,False,0.03256204224548774,0.24609594776981175,1,False,0.213533905524324,True,False
845,0.12228788650875111,0.11470531115743204,0.10184916920291862,0.19941770172229512,True,-0.07396308096216479,0.2722441811240682,1,False,0.346207262086233,False,False,0.07380166301620383,0.1635933096414623,1,False,0.08979164662525846,True,True
846,0.10035629983371167,0.12491026723239824,0.101849860295297,0.15379732186455455,False,-0.04580866589751542,0.24185894853654888,1,False,0.2876676144340643,False,False,0.07391435512590142,0.14423575609130102,1,False,0.0703214009653996,True,True
847,0.1227752637814174,0.09159666552629657,0.10185047945553685,0.18672981825161158,False,-0.04890115354318614,0.2758922520947462,1,False,0.32479340563793235,False,False,0.027737288941676798,0.16272441126391235,1,False,0.13498712232223556,True,False
848,0.1028972659565247,0.13579608069157356,0.10184964988530255,0.1404806305079522,True,0.0018876449999426829,0.21980014604649414,1,False,0.21791250104655147,True,False,0.044841340558756757,0.15442512879786396,1,False,0.10958378823910721,True,False
849,0.10759899889548724,0.11928864523344068,0.10184842178733997,0.22846474041972378,False,-0.07885858451844502,0.284172291737631,1,False,0.363030876256076,False,False,0.045472992055400244,0.1979142128119936,1,False,0.15244122075659333,True,False
850,0.08791504828396812,0.07263318103701807,0.10184843916011074,0.18855023666783816,False,-0.062353074433587195,0.25123904799718605,1,False,0.3135921224307732,False,False,0.044773330218274024,0.1716608214754049,1,False,0.1268874912571309,True,False
851,0.09903582074854744,0.088772107938846,0.10184906257926957,0.22834363948812883,False,-0.12690038811083715,0.3070475099524526,1,False,0.43394789806328976,False,False,0.031191666266505144,0.16928142956486392,2,False,0.12727890739153794,True,False
852,0.09049651450571043,0.08274051301299694,0.10184943760355554,0.20959845706028318,False,-0.09342935717499525,0.31349298863190234,1,False,0.40692234580689757,False,False,0.050204106100229434,0.19610518900357493,1,False,0.1459010829033455,True,False
853,0.10972076240683602,0.10795701606041046,0.10184846597483568,0.1911567484551034,True,-0.04712151425566001,0.2646800500022196,1,False,0.31180156425787964,False,False,0.06212656782441761,0.1673354793458102,1,False,0.10520891152139258,True,False
854,0.11407778741512647,0.153163918383064,0.10184820326240916,0.30568545456493407,True,-0.1158873774861849,0.4405097967176369,1,False,0.5563971742038218,False,False,0.019754298019463455,0.22916092487167944,1,False,0.20940662685221598,True,False
855,0.11257628328149114,0.14986086599981543,0.10184912773146036,0.1566067823191776,False,-0.024624001051959502,0.23711295564333168,1,False,0.2617369566952912,False,False,0.059324264684877615,0.1646620594899048,1,False,0.1053377948050272,True,False
856,0.11076383547475957,0.10066464365503157,0.10184928609434797,0.19283005821106314,True,-0.057181031158577596,0.27479100205652685,1,False,0.33197203321510443,False,False,0.08493759326964734,0.15512411420099867,1,False,0.07018652093135133,True,True
857,0.06541294317713792,0.1326855977982679,0.1018488824739116,0.31367108688098905,False,-0.1444313988384412,0.40284121265083467,1,False,0.5472726114892759,False,False,-0.004092818854348836,0.18289454158106463,1,False,0.18698736043541347,False,False
858,0.10457536509985803,0.125838203061549,0.10184920402445234,0.32256423174875426,False,-0.1430724570413806,0.34998311469816584,1,False,0.49305557173954645,False,False,0.04219154742050138,0.15174687886179,1,False,0.10955533144128862,True,False
859,0.10693156509853842,0.10395162008358329,0.10185057916022569,0.2656326887873715,False,-0.08379541103057248,0.3496648454489668,1,False,0.4334602564795393,False,False,0.07142234782975648,0.30669881808387384,3,False,0.22176724514998583,True,True
860,0.10233951696648588,0.10575923937494272,0.10184995429264462,0.3267927444921526,False,-0.13039027292389282,0.3876774458791784,1,False,0.5180677188030712,False,False,0.025021795705262223,0.20729742357363806,1,False,0.18227562786837584,True,False
861,0.050842483154441384,0.10866120596659,0.10184908449173447,0.2826763515146346,False,-0.12839550822272974,0.32007260790019426,1,False,0.44846811612292403,False,False,0.04614944649264198,0.17735979570327248,2,False,0.12007962431764141,True,False
862,0.10494712700999206,0.0792028262776472,0.10184845606463065,0.24473552887029754,True,-0.1133700230586463,0.3267147632709177,1,False,0.440084786329564,False,False,0.06384318001675157,0.16996026678907072,1,False,0.10611708677231915,True,False
863,0.08706631003473167,0.08619018590138447,0.10184817120948551,0.14609328870071958,True,-0.014282115302593415,0.2594983879313433,1,False,0.2737805032339367,False,False,0.0583762183738525,0.1796711951045714,1,False,0.12129497673071891,True,False
864,0.05699535778877231,0.07601803650112374,0.10184716252493273,0.2481090930834319,True,-0.1605435016964808,0.31407061260715435,1,False,0.47461411430363515,False,False,0.008435161528285872,0.18992051399066204,1,False,0.18148535246237615,True,False
865,0.10463408689156872,0.10450149993999366,0.10184884816769646,0.29148797955447403,True,-0.09864748406786462,0.35217565233437426,1,False,0.45082313640223887,False,False,0.043068763955788084,0.16784276973006296,1,False,0.12477400577427487,True,False
866,0.09262363423876417,0.06642868287516476,0.10184834324962821,0.19074554365818835,True,-0.03393168061520641,0.24263334920736288,1,False,0.2765650298225693,False,False,0.059878091375442304,0.14653792065439608,1,False,0.08665982927895377,True,False
867,0.09021666150195078,0.09978400853344122,0.10184846463703191,0.3319897123145901,False,-0.1305471792835479,0.430272750215885,1,False,0.5608199294994329,False,False,0.024883724038907134,0.20136022589801256,1,False,0.17647650185910543,True,False
868,0.08906002197976398,0.11203390987927116,0.10185011975984543,0.19233650028143676,True,-0.09003215438858816,0.3156518264007778,1,False,0.40568398078936596,False,False,0.05429076150863457,0.17969967382627244,1,False,0.12540891231763787,True,False
869,0.08772830090288108,0.0917692159763149,0.10184893676047188,0.13581023450459087,False,-0.022085156895136137,0.22953780392204542,1,False,0.25162296081718155,False,False,0.02343492187914959,0.18167792029470425,1,False,0.15824299841555467,True,False
870,0.11709987765194807,0.11982664739982277,0.10184964681407493,0.1657616269831107,True,-0.025209284880290124,0.25038694324094846,1,False,0.2755962281212386,False,False,0.062060305083381395,0.1880276463962429,1,False,0.1259673413128615,True,False
871,0.12315377665212733,0.12225032312147985,0.10184896600617552,0.27565586726885777,True,-0.12941933959256796,0.35339153228283054,1,False,0.4828108718753985,False,False,0.0493149188878607,0.21305782431754366,1,False,0.16374290542968295,True,False
872,0.05399851676660769,0.06554515661690764,0.10184665967148694,0.20282812810322334,False,-0.0735387609237732,0.24983969281774712,1,False,0.3233784537415203,False,False,0.02009557089895039,0.18753220288138128,1,False,0.1674366319824309,True,False
873,0.09626823958038047,0.09891360879586972,0.10184980582092852,0.30228549984813374,False,-0.127342622496617,0.31241040754314126,1,False,0.43975303003975824,False,False,0.04656592116588147,0.19904672702949322,1,False,0.15248080586361173,True,False
874,0.07203358191765166,0.08916593996872291,0.10185030186749093,0.25299515833735853,False,-0.08596018620163255,0.2953151649653509,1,False,0.3812753511669834,False,False,0.047610005986104674,0.12853595514318994,1,False,0.08092594915708526,True,False
875,0.10393535595684775,0.08438574357716659,0.10184907058088385,0.18847629245332467,True,-0.02434893453467626,0.27435907766151924,1,False,0.29870801219619547,False,False,0.049997492669592955,0.1845558535044901,1,False,0.13455836083489714,True,False
876,0.1025939335257729,0.11666335040767149,0.10184716204245664,0.09010510104605807,False,0.011065106452693915,0.19336749025551486,1,False,0.18230238380282093,True,False,0.055478570200737126,0.14610691189694988,1,False,0.09062834169621276,True,False
877,0.08590152419124181,0.10919017506054621,0.10185177783350809,0.27561634563499116,False,-0.11640956009350113,0.35622890394574813,1,False,0.47263846403924925,False,False,-0.005107532948004429,0.20391233394249744,2,False,0.17890276751012002,False,False
878,0.09382309683113735,0.07512675144634588,0.1018479197393771,0.2886812380069861,True,-0.10540715865386881,0.3345897123848761,1,False,0.4399968710387449,False,False,-0.0014984555247927677,0.17973337447497423,1,False,0.181231829999767,False,False
879,0.07547985443964397,0.10276778885232932,0.10184887226788875,0.19634335468003508,False,-0.09209671432717788,0.2500217800013029,1,False,0.34211849432848074,False,False,0.0443557914416812,0.1921447724602949,1,False,0.1477889810186137,True,False
880,0.10710660313215004,0.09337869002077842,0.10185096452063618,0.20224735097453928,False,-0.07693437878399212,0.3253260776377499,1,False,0.402260456421742,False,False,0.06325813133422811,0.17162004724468052,2,False,0.10588671661956106,True,False
881,0.10885827308373404,0.10279581179613648,0.10184979005791377,0.2887733262432782,True,-0.2164706685076017,0.3270462473169285,1,False,0.5435169158245302,False,False,0.04567433838750701,0.18987290902383297,1,False,0.14419857063632596,True,False
882,0.11146248808279752,0.09726345417103711,0.1018486098991098,0.17333231292892498,True,-0.04839515575296046,0.253047362836929,1,False,0.30144251858988946,False,False,0.060936191695345594,0.15210939627649672,1,False,0.09117320458115113,True,False
883,0.054685539998423224,0.101259452544023,0.1018483413575876,0.38022634066142946,False,-0.18355550583749564,0.4761377326184751,1,False,0.6596932384559707,False,False,-0.006829131175784327,0.21927932094646638,1,False,0.2261084521222507,False,False
884,0.07816318344365886,0.09823983895043471,0.10184828496712327,0.2722170887205656,False,-0.11114673818888078,0.28041864163147434,1,False,0.3915653798203551,False,False,0.03607398368959404,0.13362214247894044,1,False,0.0975481587893464,True,False
885,0.07593679398579209,0.07778727311910169,0.10184984706778409,0.2793560443576357,False,-0.12231226873424848,0.33513750831922223,1,False,0.45744977705347073,False,False,0.011746510066255093,0.1277860240136725,1,False,0.1160395139474174,True,False
886,0.0994926414103436,0.07740969502967243,0.1018508059985475,0.16977392784506612,False,-0.05006973450304661,0.2712835097772175,1,False,0.3213532442802641,False,False,0.031394897359104126,0.1915729152592927,1,False,0.1601780179001886,True,False
887,0.1026731620449758,0.09528519287925934,0.10185161524553038,0.3773885468924627,False,-0.2152319922324731,0.49174693782244894,1,False,0.7069789300549221,False,False,0.03911061828382492,0.34170652028805604,1,False,0.30259590200423114,True,False
888,0.0991972718523295,0.08133956185654229,0.10184976929051126,0.29456254702066004,False,-0.1496491626178435,0.3916411541270055,1,False,0.5412903167448491,False,False,-0.025936025258239417,0.19107352774359945,1,False,0.21700955300183888,False,False
889,0.10698531731195654,0.15357143026297757,0.10184677339758624,0.3764183995547034,True,-0.21253946328921003,0.49376138237632394,1,False,0.706300845665534,False,False,-0.03212202391205307,0.2387235503327217,1,False,0.27084557424477473,False,False
890,0.11703207249591985,0.11549435762344924,0.10184835941289067,0.275491177417158,False,-0.11262471926409329,0.3873996637520513,1,False,0.5000243830161446,False,False,0.04094011404874789,0.17262885524558094,1,False,0.13168874119683305,True,False
891,0.0854051246455293,0.08291217269762119,0.10184853453884407,0.2803584501634928,True,-0.1203817112726009,0.36597315524251284,1,False,0.4863548665151137,False,False,0.028824891883759012,0.16997124636937938,1,False,0.14114635448562038,True,False
892,0.09334148547838253,0.09656837820764874,0.101847914566739,0.3359307356929437,True,-0.18311618828204948,0.40314109726788727,1,False,0.5862572855499367,False,False,0.02995579801770356,0.25549017661034185,1,False,0.22553437859263828,True,False
893,0.12341107864751036,0.12855850685423106,0.10185101472802174,0.19983819702499758,True,-0.038822761876265606,0.2685581380295253,1,False,0.30738089990579087,False,False,0.08046193959917368,0.1876138564040395,1,False,0.10715191680486581,True,True
894,0.09803169108133362,0.09794270183454663,0.10184899453236158,0.3066141075882476,False,-0.17829861164520194,0.4104278689668575,1,False,0.5887264806120595,False,False,0.034677792488767,0.2104418571263919,1,False,0.1757640646376249,True,False
895,0.10119820820104605,0.15453349609689698,0.10184927869177951,0.1541948312743776,False,-0.04624805211319934,0.24477545324662447,1,False,0.2910235053598238,False,False,0.05417329251897781,0.16865533656966536,2,False,0.10379731139089549,True,False
896,0.08837839385256796,0.11855437339858829,0.1018499978998866,0.3433665310521233,False,-0.20324407366977149,0.3698233106665312,1,False,0.5730673843363027,False,False,0.019162991059465048,0.21702811103231578,1,False,0.19786511997285072,True,False
897,0.045743349625599436,0.07476807796638214,0.10184954687582583,0.28918437862821733,False,-0.1421165988865753,0.2807131545148036,1,False,0.4228297534013789,False,False,-0.0005092362209497101,0.14059293229602887,1,False,0.14110216851697857,False,False
898,0.11478436917540968,0.12266268824704442,0.10184938516451325,0.20371250908432037,True,-0.01553947107057125,0.2711796797886009,1,False,0.28671915085917216,False,False,0.06425623191736127,0.16309392433185818,1,False,0.09883769241449691,True,False
899,0.09613481580642033,0.09021072669968865,0.10184961880794978,0.29188633983652357,False,-0.1499696078954916,0.32821243953074636,1,False,0.47818204742623793,False,False,0.024888418976917993,0.17184200968866697,1,False,0.146953590711749,True,False
900,0.10184527088406795,0.12214002134975456,0.10185039897513148,0.31761897784957216,True,-0.18897180254597648,0.35733097403796144,1,False,0.5463027765839379,False,False,0.03287586913429697,0.19958041066811977,1,False,0.1667045415338228,True,False
901,0.12288042821238714,0.10983939969649419,0.10184845240052354,0.3792217040173074,True,-0.20605763621391388,0.39294980002577645,1,False,0.5990074362396903,False,False,0.04208418221101916,0.20701747486982602,1,False,0.16493329265880685,True,False
902,0.11170909092046057,0.09932041899699777,0.10184784331831316,0.17036886382755714,True,-0.025800571398001355,0.2549893939355666,1,False,0.2807899653335679,False,False,0.05522846843834931,0.15727313329546894,1,False,0.10204466485711963,True,False
903,0.09589846660437709,0.11440993641069439,0.1018498459649695,0.30567372497677087,True,-0.15565411806424787,0.3293224965171581,1,False,0.48497661458140595,False,False,0.024936249355749014,0.19563166629410414,1,False,0.17069541693835513,True,False
904,0.10047227245888089,0.08316279113361341,0.10185035518198891,0.29709282770632434,False,-0.14749004805295557,0.3489607471491338,1,False,0.49645079520208935,False,False,0.0176649826247387,0.3218370616324904,1,False,0.3041720790077517,True,False
905,0.12873780742960417,0.13429084689196674,0.10185023581589268,0.24377745527080763,True,-0.0690530823335043,0.3969692587981627,1,False,0.46602234113166696,False,False,0.06505617364305535,0.2635277934760127,1,False,0.19847161983295733,True,False
906,0.092260875287413,0.1053156633254224,0.10184808296410885,0.24487765913791723,False,-0.06307280254470815,0.2912998933379215,1,False,0.35437269588262965,False,False,0.05676677241701354,0.1686812928524677,1,False,0.11191452043545415,True,False
907,0.06760973220472874,0.08251324084785608,0.10184998405269044,0.29900226137782554,False,-0.13687054714188582,0.38233648272998355,1,False,0.5192070298718694,False,False,0.01458284581639737,0.24548627862361172,1,False,0.23090343280721434,True,False
908,0.06153536657386799,0.11693902408448344,0.10184756166026582,0.24935973716157886,False,-0.0844705227557163,0.3256889581731277,1,False,0.410159480928844,False,False,0.041918787118224526,0.1404869637405536,1,False,0.09856817662232908,True,False
909,0.09567782926810597,0.1182248398512764,0.10184925945836595,0.2508293830127926,True,-0.10067981888326448,0.36754128247851586,1,False,0.46822110136178036,False,False,0.04701462854025072,0.23642562605796374,1,False,0.189410997517713,True,False
910,0.06764241229365806,0.11657131578391883,0.10185148078272693,0.401937161637523,False,-0.2673512508202371,0.3527254698073593,1,False,0.6200767206275963,False,False,0.03809409349934226,0.18041276824151473,1,False,0.14231867474217247,True,False
911,0.06859674576504328,0.08430350727474772,0.10185026937730532,0.22274435032262854,False,-0.08455135719162726,0.3330700765401974,1,False,0.41762143373182464,False,False,0.0388682951392616,0.3538031750092911,3,False,0.18717218035162386,True,False
912,0.07236301021474909,0.08074608615660482,0.10184952504387504,0.1585123208584217,False,-0.05586689454896365,0.2545589079258904,1,False,0.3104258024748541,False,False,0.04203185214962214,0.15029845189172963,1,False,0.10826659974210749,True,False
913,0.10588426430765704,0.0896846971612107,0.1018499595887337,0.21308696745391184,True,-0.07187275632190887,0.2587189074692352,1,False,0.3305916637911441,False,False,0.05813498230672921,0.16375492187401622,2,False,0.09430456733289717,True,False
914,0.09582776246712234,0.09446273621159842,0.10184989665635572,0.2000089032820615,True,-0.05286339467499738,0.2736293531579531,1,False,0.3264927478329505,False,False,0.021610505615041985,0.1702245088553303,1,False,0.1486140032402883,True,False
915,0.07963505891558187,0.09048386198170882,0.10184984658577326,0.27039399157919386,False,-0.10594243548153753,0.36153370084492076,1,False,0.4674761363264583,False,False,0.06664381963970642,0.2058622977825199,2,False,0.13088529822825967,True,False
916,0.12169255519603056,0.09136996286053367,0.101848838439171,0.25801765900731527,False,-0.09898033602135654,0.3983286843344553,1,False,0.4973090203558118,False,False,0.002664240285447771,0.3998833388331674,2,False,0.2895300464267446,True,False
917,0.12400780319604342,0.05601899822699421,0.10184745749995239,0.22612200170052288,False,-0.10606548087627146,0.325407953307942,1,False,0.43147343418421347,False,False,0.04082291424383498,0.1638141372615502,1,False,0.12299122301771521,True,False
918,0.12443814784989168,0.124690497663337,0.10184992472700845,0.26099409363592146,True,-0.08934110989749627,0.3496435271358095,1,False,0.43898463703330576,False,False,0.007186451646470622,0.17677143086881464,1,False,0.16958497922234403,True,False
919,0.0870599156844525,0.105538877588408,0.10185126787106237,0.22933141519698103,True,-0.08645250288167163,0.2891068193820277,1,False,0.3755593222636993,False,False,0.020651278058853674,0.19206575239900903,1,False,0.17141447434015536,True,False
920,0.0884581414820347,0.09293044194914259,0.10184871380802603,0.35078121213753827,False,-0.17061649963758643,0.3404869897229092,1,False,0.5111034893604957,False,False,0.028457486262381246,0.17102461700854352,1,False,0.14256713074616228,True,False
921,0.10901123274711066,0.10282703896124934,0.1018493838219447,0.2309472980606828,False,-0.0642654379007316,0.32042950860736796,1,False,0.38469494650809954,False,False,0.05649483833802271,0.17944905424072363,1,False,0.12295421590270092,True,False
922,0.08589591261078808,0.09372070914801711,0.10184870076474416,0.20756313068221982,False,-0.032996654800870155,0.28735385651251927,1,False,0.32035051131338943,False,False,0.07272268214281236,0.16758185096952866,1,False,0.0948591688267163,True,True
923,0.11430067489433965,0.10318118550171544,0.1018493374349945,0.2831138302031279,False,-0.09597724810485797,0.30588352591448115,1,False,0.4018607740193391,False,False,0.0037988179235463456,0.2059438557679605,1,False,0.20214503784441418,True,False
924,0.10877509194472262,0.12052088516867719,0.10184708895556024,0.26829929786094925,False,-0.11113455188455826,0.30918739310996707,1,False,0.42032194499452535,False,False,0.06325168602730731,0.19034039536272102,1,False,0.12708870933541372,True,False
925,0.10069990445966095,0.11264690225508678,0.10184864649466105,0.2868181191812646,False,-0.08652179657812674,0.36387997153992496,1,False,0.4504017681180517,False,False,0.010312252030404522,0.15353264853794996,1,False,0.14322039650754542,True,False
926,0.1149685289974891,0.14256420351293136,0.10184892337459596,0.3512512004097383,True,-0.21094751576650708,0.47069238864279994,1,False,0.681639904409307,False,False,0.04770769202588945,0.330635919194205,1,False,0.28292822716831556,True,False
927,0.10027960727427973,0.09957405085625147,0.1018489230754504,0.34049254680216684,False,-0.17719776470977103,0.45371010625798297,1,False,0.630907870967754,False,False,-0.009283018877934679,0.27461403212047997,1,False,0.28389705099841467,False,False
928,0.09060560269071827,0.10974414587749688,0.10184883912464682,0.17284477564029668,False,-0.05460035012877209,0.22663032039496955,2,False,0.27489724459328635,False,False,0.07572768260420759,0.18481519231284854,1,False,0.10908750970864095,True,True
929,0.11395694879939741,0.16553978827870303,0.1018475101363572,0.27523296562076754,False,-0.08189714748880306,0.3534855621216056,1,False,0.43538270961040865,False,False,0.07258544214250857,0.19729115486147536,1,False,0.12470571271896679,True,True
930,0.09402509792232264,0.11159409341012282,0.10184840875077308,0.25485313922249647,False,-0.11495079326103823,0.34475670903144623,1,False,0.45970750229248447,False,False,0.05330169201869624,0.14840202007818193,1,False,0.09510032805948569,True,False
931,0.11578118298130516,0.08906708879528953,0.10184991261512694,0.2948142792146369,False,-0.1362096296291754,0.32941669670428947,1,False,0.4656263263334649,False,False,0.02290858908153126,0.17175045543661055,1,False,0.1488418663550793,True,False
932,0.14177251603901458,0.13124145677549698,0.10184843489211032,0.402660897939389,False,-0.2201714649118846,0.6934346708701089,1,False,0.9136061357819936,False,False,0.003992503061268917,0.22525806517636718,1,False,0.22126556211509826,True,False
933,0.10466492333055501,0.13165617693762569,0.10185003101890396,0.3001954212367484,False,-0.16175465937905492,0.39014029453223603,1,False,0.551894953911291,False,False,0.06067536806891663,0.21775317640529956,1,False,0.15707780833638293,True,False
934,0.10537755002256502,0.11849008553343322,0.10185011742315823,0.22368653332602634,False,-0.0954546080443775,0.29692616989398474,1,False,0.39238077793836224,False,False,0.0022690194188231634,0.18442194389725697,3,False,0.17387468751013077,True,False
935,0.1012287551024228,0.06219986937739739,0.10184901306039544,0.28655899072408025,False,-0.14597072487955026,0.33709550507282143,1,False,0.4830662299523717,False,False,0.07992406282866263,0.16513036203589537,1,False,0.08520629920723274,True,True
936,0.13220361658745908,0.12784547352464085,0.10184918721659952,0.2696645624080968,True,-0.11628521128636811,0.3710914899297485,1,False,0.4873767012161166,False,False,0.07335891825703776,0.294776302745694,1,False,0.22141738448865622,True,True
937,0.0696029333658034,0.12726887875413467,0.10184950444544794,0.38111428529664565,True,-0.23757080139568798,0.47753023818335766,1,False,0.7151010395790456,False,False,-0.016630048835180437,0.25636495737088816,1,False,0.2729950062060686,False,False
938,0.09401186963596275,0.06870502398077091,0.10185017519649889,0.1722970703041491,False,-0.053584866638193965,0.23568415257154476,1,False,0.28926901920973874,False,False,0.013079993091767734,0.17815655035594785,1,False,0.1650765572641801,True,False
939,0.13115141458143792,0.1199115144485244,0.1018483406751248,0.17259304296231603,False,-0.02652076144873958,0.26165917987321635,1,False,0.28817994132195596,False,False,0.049722959611479295,0.1806803683256168,1,False,0.1309574087141375,True,False
940,0.07230221281129454,0.11821553745024833,0.10184837899141973,0.3463301011637249,False,-0.1663262047052981,0.4026882571187113,1,False,0.5690144618240094,False,False,0.06007549454548525,0.29710554398826555,1,False,0.2370300494427803,True,False
941,0.10781235182869839,0.10462476578505979,0.10184814050066526,0.20471991203740555,False,-0.045083989699357466,0.2799955661715144,1,False,0.32507955587087184,False,False,0.04020691307811773,0.17957795463602805,1,False,0.1393710415579103,True,False
942,0.11381735008728924,0.12574671726952186,0.10184999105910944,0.32014073333905474,True,-0.16343746310054966,0.4310044395422871,1,False,0.5944419026428368,False,False,0.03767432599144435,0.2091588882550065,2,False,0.1591989375755206,True,False
943,0.09739164523306715,0.1037654742216851,0.10185046837215692,0.3605647892438789,False,-0.168219132886396,0.45157976366658187,1,False,0.6197988965529779,False,False,0.05010301673789284,0.24569615093086983,1,False,0.195593134192977,True,False
944,0.09020696169816808,0.1247799364766203,0.10185201700795588,0.21582619017877175,False,-0.0805224666937621,0.29576264757626086,1,False,0.376285114270023,False,False,0.033348888981887176,0.1971574591432648,1,False,0.16380857016137762,True,False
945,0.0887148875947745,0.08870639485013711,0.10184989347754783,0.19610443854917137,False,-0.06628107650134697,0.2715797543226363,1,False,0.33786083082398327,False,False,0.02049683151437505,0.1351377915034323,1,False,0.11464095998905725,True,False
946,0.12166554720430345,0.0982663556447145,0.10184957010690258,0.19027783850487448,False,-0.02963595520192477,0.3144184214858045,1,False,0.34405437668772926,False,False,0.035918461313924746,0.1912111306490627,1,False,0.15529266933513797,True,False
947,0.10999171588741859,0.10283924861784927,0.10184759835317217,0.19575507093534814,True,-0.04061279825874467,0.30205491879246704,1,False,0.3426677170512117,False,False,0.08202767473191377,0.1933643302685472,1,False,0.11133665553663344,True,True
948,0.09767237262271314,0.0856289819167132,0.10184953080210532,0.367495767040608,False,-0.2161047747491688,0.39767162841213394,1,False,0.6137764031613028,False,False,0.004930168427259891,0.2105616742621848,1,False,0.20563150583492493,True,False
949,0.14121280030410144,0.07985248694053819,0.10184875022319323,0.22001008203173567,False,-0.07912043827042153,0.35667991145864825,1,False,0.4358003497290698,False,False,0.03444832968820913,0.31751373323574256,2,False,0.25956469972619073,True,False
950,0.10606937905856541,0.0843282031384723,0.10184990338088715,0.20899441624390316,True,-0.035821385229323134,0.29313222395125615,1,False,0.3289536091805793,False,False,0.05147768237923277,0.13378740713057438,1,False,0.08230972475134161,True,False
951,0.09908930887366474,0.10398257148244301,0.1018475977416813,0.3476415783303805,False,-0.20887230497987297,0.39818989867208915,1,False,0.6070622036519622,False,False,-0.05352853755367634,0.2579250984442781,3,False,0.3027925455295771,False,False
952,0.09936279739281764,0.11814336296189938,0.10184935742610579,0.37105200836666896,False,-0.18833382772431462,0.5631885313221306,1,False,0.7515223590464453,False,False,0.017012500115276902,0.2840412003394682,1,False,0.26702870022419134,True,False
953,0.10039734515940194,0.08455280472988946,0.10184879686774721,0.15238225276220183,False,-0.015212922996483564,0.23312647641207673,1,False,0.24833939940856029,False,False,0.06477688402327163,0.16034497552360455,2,False,0.09411242518399186,True,False
954,0.08486640329129512,0.14259723442439917,0.10184984539475099,0.30297258492018325,False,-0.1081141534029933,0.3411674729045803,1,False,0.4492816263075736,False,False,0.03657995300010289,0.28100536994487535,1,False,0.24442541694477246,True,False
955,0.10354567330447285,0.1435110107040755,0.10185059375038977,0.2827494697404672,True,-0.1650989635251017,0.3485615380781848,1,False,0.5136605016032865,False,False,0.007327439305251742,0.1844933615205092,1,False,0.17716592221525748,True,False
956,0.0794833201325593,0.08709274964461595,0.10184894292427904,0.27569180366972235,False,-0.15558758626756827,0.3221521081652482,1,False,0.4777396944328165,False,False,-0.052254377148812065,0.13068529235824772,1,False,0.18293966950705978,False,False
957,0.10272101841099575,0.11275602196137444,0.10185055703443244,0.20554499509905544,False,-0.07244689392336051,0.3253627579438799,1,False,0.39780965186724043,False,False,0.0692526249982219,0.30089734400834184,1,False,0.23164471901011993,True,False
958,0.11379396104887632,0.13482203812315632,0.10184792375807827,0.21989952097795398,True,-0.09099964367135482,0.3202833199251532,1,False,0.411282963596508,False,False,0.06059071915621893,0.17992897915982065,1,False,0.11933826000360172,True,False
959,0.0689847910430002,0.0859098159765848,0.1018513661747704,0.22139561456852513,False,-0.06174995047043212,0.2728873768697992,1,False,0.3346373273402313,False,False,0.028006039986249003,0.17940446951113426,2,False,0.1270230016149994,True,False
960,0.14601308215645212,0.12266014108439093,0.10185018280029738,0.3323114861071196,False,-0.16611827595632012,0.41093093490498345,1,False,0.5770492108613036,False,False,0.08039569788552473,0.24792785854741545,1,False,0.16753216066189072,True,True
961,0.10865536427770815,0.11844083844908462,0.101849623414917,0.16129401235047386,True,-0.014182346909626676,0.20414955837537221,1,False,0.21833190528499888,False,False,0.04967683834351873,0.1419978065972905,2,False,0.07986706404871291,True,True
962,0.12346281397411185,0.1079004754216284,0.10184837149378996,0.3646813020534439,True,-0.21490742025581636,0.41365553502908003,1,False,0.6285629552848964,False,False,0.06540476365777695,0.21097376518867508,1,False,0.14556900153089813,True,False
963,0.12813863294137012,0.12068725681203278,0.10184783363834679,0.2648603797631301,False,-0.06512154396330694,0.29904942694287373,1,False,0.36417097090618067,False,False,0.05022234741891314,0.21262883637976712,1,False,0.16240648896085397,True,False
964,0.10702673417984587,0.10012727428831608,0.10184890618739485,0.15570162421170067,False,-0.03150126852201666,0.2526014349672035,1,False,0.2841027034892202,False,False,0.03860007437503573,0.13205631431020376,1,False,0.09345623993516802,True,False
965,0.1294257796625465,0.11628532510434812,0.10184852266041754,0.2467687974185646,False,-0.13486576058934396,0.355546351927022,1,False,0.49041211251636596,False,False,0.05400692947412326,0.18825275987248746,1,False,0.1342458303983642,True,False
966,0.11813519903926935,0.11650489197804396,0.10184894003044155,0.28720774979452884,False,-0.1267304492217276,0.35126722757242784,1,False,0.47799767679415545,False,False,0.019027817994090507,0.18086798365341863,1,False,0.16184016565932813,True,False
967,0.09378545645020332,0.08649496209253758,0.10184830509306085,0.20743877113735543,False,-0.055338228711852636,0.27428849396018823,1,False,0.32962672267204085,False,False,0.06458900264819417,0.1669525570889558,1,False,0.10236355444076162,True,False
968,0.07726827002120101,0.1187632467645172,0.10184883506008864,0.2512944568025776,False,-0.08334796601391309,0.32445422822135894,1,False,0.40780219423527203,False,False,0.02019518971827857,0.18363931518813426,1,False,0.16344412546985568,True,False
969,0.09716798231096574,0.11491904202831274,0.10184817444943962,0.1334269636864284,True,-0.018154507396636235,0.2386865040069449,1,False,0.2568410114035811,False,False,0.038657303068404314,0.1784732965353592,1,False,0.1398159934669549,True,False
970,0.08267909100594346,0.1389725208477491,0.10184683481715447,0.3255944676471964,False,-0.19273844791376274,0.38724562352638603,1,False,0.5799840714401487,False,False,0.055321657528467835,0.21845488977407546,1,False,0.1631332322456076,True,False
971,0.0869710465170077,0.05862925693520343,0.10184994488477771,0.21448416895670286,False,-0.08205653032550728,0.32245149718815547,1,False,0.40450802751366277,False,False,0.03366719600939798,0.20878883014705196,1,False,0.17512163413765397,True,False
972,0.11516347518044788,0.10634313978180676,0.1018478791185111,0.2692728003140563,False,-0.12439559440959988,0.33578203838989634,1,False,0.4601776327994962,False,False,0.060631465107167826,0.16427871299524271,1,False,0.10364724788807489,True,False
973,0.09952529747344196,0.13917188738773575,0.10184914460459973,0.21752444116659772,False,-0.05096783981949979,0.32963617438484516,1,False,0.380604014204345,False,False,0.08071271800616678,0.263899345013376,1,False,0.1831866270072092,True,True
974,0.09352408001095167,0.11549684713430504,0.10184961225020979,0.250206277124015,False,-0.12965503877432308,0.2894102923555346,1,False,0.41906533112985767,False,False,0.05726993776566633,0.19737318325429076,1,False,0.14010324548862443,True,False
975,0.10117141838598806,0.10287319555031482,0.10185002884897776,0.11767033841003745,True,-0.004114058131384272,0.19650457447312547,1,False,0.20061863260450974,False,False,0.07498501360268328,0.14885350859903684,1,False,0.07386849499635356,True,True
976,0.11219150033792173,0.11443613077235644,0.10184992943306125,0.17562965999108923,True,-0.05449689929187811,0.24320688671259572,1,False,0.29770378600447384,False,False,0.0843679839802457,0.1899927359303082,1,False,0.10562475195006249,True,True
977,0.11872214439587889,0.11957717572753146,0.10184879612218471,0.2215448923911259,False,-0.0438100436221866,0.34715247851863346,1,False,0.39096252214082006,False,False,0.037472998534783496,0.14308190224957806,2,False,0.09938910325792236,True,True
978,0.12595267170026597,0.12419585297985997,0.1018507394440716,0.3338475920671036,True,-0.17934813181722187,0.39799671101016953,1,False,0.5773448428273914,False,False,0.029431309881003023,0.2164261098179202,1,False,0.1869947999369172,True,False
979,0.09983833202851908,0.0702419757073314,0.10184779473525829,0.1735063565834305,False,-0.046678503530454774,0.27637194599707876,1,False,0.32305044952753353,False,False,0.012701689255571674,0.17143041498991618,1,False,0.15872872573434452,True,False
980,0.12487455969879037,0.10055410189006532,0.10184834060981927,0.22511221750765845,False,-0.08281792605584495,0.3188735148188922,1,False,0.4016914408747372,False,False,0.04101412073903375,0.19943189962982177,1,False,0.158417778890788,True,False
981,0.08608812542568348,0.08161606885750386,0.10184932930296188,0.3745820111433433,False,-0.20996521969929402,0.4466677904071257,1,False,0.6566330101064197,False,False,0.02933630621244359,0.2849767657458252,1,False,0.2556404595333816,True,False
982,0.0890823213925179,0.07714207002991624,0.1018510051867591,0.19401257210862488,True,-0.0799374090406914,0.26008110679205493,1,False,0.34001851583274634,False,False,0.030344535387852554,0.1743067909565285,1,False,0.14396225556867595,True,False
983,0.09679985257803535,0.10645229892204416,0.10184804744324565,0.1592390985378793,True,-0.012526980969097724,0.23350741046932907,1,False,0.24603439143842679,False,False,0.06724681312372793,0.14409719041982955,1,False,0.07685037729610161,True,False
984,0.1495791757429394,0.12491648116460345,0.10184858625280627,0.22544474787682725,False,-0.04934197188534275,0.3564294883781228,1,False,0.40577146026346556,False,False,0.02446436022917058,0.18754242778699914,1,False,0.16307806755782855,True,False
985,0.08020492911668892,0.08939686115408338,0.10184682904235647,0.29978231700752667,True,-0.16936390972436854,0.3650636850217669,1,False,0.5344275947461354,False,False,0.023334764416466217,0.1884158772261065,1,False,0.16508111280964027,True,False
986,0.11107463155131846,0.12009265345113675,0.10184829531446925,0.18864477954360856,False,-0.05991808014615312,0.2835718290309052,1,False,0.34348990917705835,False,False,0.03700097063667791,0.19266650805320684,1,False,0.15566553741652894,True,False
987,0.09415749066170535,0.1404246389296282,0.1018511387605035,0.17265195172467435,True,-0.06427170318322543,0.2581609979983499,1,False,0.32243270118157535,False,False,0.03052649776456702,0.14438597046065066,1,False,0.11385947269608364,True,False
988,0.11290560979447115,0.09580759603381307,0.10184767441867931,0.22610436163435726,True,-0.09019826744754135,0.2917427416750597,1,False,0.38194100912260104,False,False,0.06086945090183318,0.22060237435592367,1,False,0.1597329234540905,True,False
989,0.08813014649639703,0.14186892335471069,0.1018500209426371,0.22323798499403805,True,-0.08548191934765727,0.257293079503428,1,False,0.34277499885108526,False,False,0.04701300315306891,0.16357642304475983,1,False,0.11656341989169092,True,False
990,0.10517859049910344,0.1149042147919855,0.10184770634577703,0.25213226725244087,True,-0.10710435414480193,0.34942252363015464,1,False,0.4565268777749566,False,False,0.06721344921240974,0.1964271642320668,1,False,0.12921371501965706,True,False
991,0.10083500631564729,0.1007361103689291,0.10184777054134951,0.33170925101802184,True,-0.13533542797496134,0.40726346140848,1,False,0.5425988893834414,False,False,0.04154670562023561,0.21257632615037136,1,False,0.17102962053013576,True,False
992,0.07832510187581254,0.09895794791270718,0.1018474429760459,0.28214742897829603,False,-0.14845506270654713,0.35466250189630544,1,False,0.5031175646028525,False,False,-0.04468295147834023,0.2061559777918358,1,False,0.25083892927017604,False,False
993,0.11154096759367035,0.10656997590524984,0.1018476702190262,0.2392787134717322,False,-0.07655596668169394,0.2926160052685779,1,False,0.36917197195027185,False,False,0.058926251644114414,0.15977534122236006,1,False,0.10084908957824565,True,False
994,0.0932598217786619,0.11135652926594376,0.10184973710150237,0.23396268378097596,True,-0.03421388715741301,0.3436038310679513,1,False,0.3778177182253643,False,False,0.034679864387246566,0.2084897428074348,1,False,0.17380987842018822,True,False
995,0.10488688755197866,0.1179992854695181,0.10185051145203985,0.3134264322875217,False,-0.14045133040007368,0.4042214062711906,1,False,0.5446727366712643,False,False,0.02309562671090945,0.23592435383906107,1,False,0.21282872712815162,True,False
996,0.1102573696971132,0.11413847963609537,0.1018497539260292,0.40733346210613774,False,-0.21561320794604746,0.5788580587956069,1,False,0.7944712667416544,False,False,-0.013923762641000887,0.1983974446574952,2,False,0.2058720569682818,True,False
997,0.12804123399131656,0.1000783948857288,0.10185010389897617,0.2324969840397774,True,-0.19354280302460283,0.28060140019715807,1,False,0.4741442032217609,False,False,-0.056817018066665545,0.17717758695583333,3,False,0.22599267157397418,False,False
998,0.10627860451098559,0.1145336585986978,0.10184895192055234,0.1641008908955774,False,-0.04525574730654739,0.26037872846924437,1,False,0.3056344757757918,False,False,0.047520659995457154,0.17771804287269366,1,False,0.1301973828772365,True,False
999,0.12031153097021954,0.1288408537438819,0.10184966843931452,0.14010056440005336,False,-0.00024383775197616426,0.19323521409642685,1,False,0.19347905184840303,False,False,0.0878258905778979,0.1500566089963098,1,False,0.06223071841841189,True,True
